<?xml version="1.0" encoding="UTF-8"?>
<metadata xml:lang="de"><Esri><CreaDate>20211021</CreaDate><CreaTime>08002300</CreaTime><ArcGISFormat>1.0</ArcGISFormat><SyncOnce>TRUE</SyncOnce><DataProperties><lineage><Process ToolSource="c:\program files\arcgis\pro\Resources\ArcToolbox\toolboxes\Data Management Tools.tbx\CreateFeatureclass" Date="20211021" Time="080023">CreateFeatureclass C:\Users\geo\AppData\Local\Temp\schuldatei_b30d8f6ea723b7d233aed7fc6c3f505b schulen.shp Punkt # Nein Nein "PROJCS['ETRS_1989_UTM_Zone_32N',GEOGCS['GCS_ETRS_1989',DATUM['D_ETRS_1989',SPHEROID['GRS_1980',6378137.0,298.257222101]],PRIMEM['Greenwich',0.0],UNIT['Degree',0.0174532925199433]],PROJECTION['Transverse_Mercator'],PARAMETER['False_Easting',500000.0],PARAMETER['False_Northing',0.0],PARAMETER['Central_Meridian',9.0],PARAMETER['Scale_Factor',0.9996],PARAMETER['Latitude_Of_Origin',0.0],UNIT['Meter',1.0]];-5120900 -9998100 10000;-100000 10000;-100000 10000;0.001;0.001;0.001;IsHighPrecision" # 0 0 0 #</Process><Process ToolSource="c:\program files\arcgis\pro\Resources\ArcToolbox\toolboxes\Data Management Tools.tbx\AddField" Date="20211021" Time="080023">AddField C:\Users\geo\AppData\Local\Temp\schuldatei_b30d8f6ea723b7d233aed7fc6c3f505b\schulen.shp Schulnumme Text # # # Schulnummer NULLABLE NON_REQUIRED #</Process><Process ToolSource="c:\program files\arcgis\pro\Resources\ArcToolbox\toolboxes\Data Management Tools.tbx\AddField" Date="20211021" Time="080023">AddField C:\Users\geo\AppData\Local\Temp\schuldatei_b30d8f6ea723b7d233aed7fc6c3f505b\schulen.shp Schulform Text # # # Schulform NULLABLE NON_REQUIRED #</Process><Process ToolSource="c:\program files\arcgis\pro\Resources\ArcToolbox\toolboxes\Data Management Tools.tbx\AddField" Date="20211021" Time="080023">AddField C:\Users\geo\AppData\Local\Temp\schuldatei_b30d8f6ea723b7d233aed7fc6c3f505b\schulen.shp Name Text # # # Name NULLABLE NON_REQUIRED #</Process><Process ToolSource="c:\program files\arcgis\pro\Resources\ArcToolbox\toolboxes\Data Management Tools.tbx\AddField" Date="20211021" Time="080023">AddField C:\Users\geo\AppData\Local\Temp\schuldatei_b30d8f6ea723b7d233aed7fc6c3f505b\schulen.shp Kurzname Text # # # Kurzname NULLABLE NON_REQUIRED #</Process><Process ToolSource="c:\program files\arcgis\pro\Resources\ArcToolbox\toolboxes\Data Management Tools.tbx\AddField" Date="20211021" Time="080024">AddField C:\Users\geo\AppData\Local\Temp\schuldatei_b30d8f6ea723b7d233aed7fc6c3f505b\schulen.shp Adresse Text # # # Adresse NULLABLE NON_REQUIRED #</Process><Process ToolSource="c:\program files\arcgis\pro\Resources\ArcToolbox\toolboxes\Data Management Tools.tbx\AddField" Date="20211021" Time="080024">AddField C:\Users\geo\AppData\Local\Temp\schuldatei_b30d8f6ea723b7d233aed7fc6c3f505b\schulen.shp Postleitza Text # # # Postleitzahl NULLABLE NON_REQUIRED #</Process><Process ToolSource="c:\program files\arcgis\pro\Resources\ArcToolbox\toolboxes\Data Management Tools.tbx\AddField" Date="20211021" Time="080024">AddField C:\Users\geo\AppData\Local\Temp\schuldatei_b30d8f6ea723b7d233aed7fc6c3f505b\schulen.shp Ort Text # # # Ort NULLABLE NON_REQUIRED #</Process><Process ToolSource="c:\program files\arcgis\pro\Resources\ArcToolbox\toolboxes\Data Management Tools.tbx\AddField" Date="20211021" Time="080024">AddField C:\Users\geo\AppData\Local\Temp\schuldatei_b30d8f6ea723b7d233aed7fc6c3f505b\schulen.shp Schueler Text # # # Schueler NULLABLE NON_REQUIRED #</Process><Process ToolSource="c:\program files\arcgis\pro\Resources\ArcToolbox\toolboxes\Data Management Tools.tbx\AddField" Date="20211021" Time="080024">AddField C:\Users\geo\AppData\Local\Temp\schuldatei_b30d8f6ea723b7d233aed7fc6c3f505b\schulen.shp Rufnummer Text # # # Rufnummer NULLABLE NON_REQUIRED #</Process><Process ToolSource="c:\program files\arcgis\pro\Resources\ArcToolbox\toolboxes\Data Management Tools.tbx\AddField" Date="20211021" Time="080024">AddField C:\Users\geo\AppData\Local\Temp\schuldatei_b30d8f6ea723b7d233aed7fc6c3f505b\schulen.shp Email Text # # # Email NULLABLE NON_REQUIRED #</Process></lineage></DataProperties></Esri></metadata>
