plz;einwohner
1067;11957
1069;25491
1097;14821
1099;28018
1108;5876
1109;2001
1127;15079
1129;18915
1139;17555
1156;11317
1157;20684
1159;27666
1169;19091
1187;16423
1189;9741
1217;17501
1219;20916
1237;15536
1239;15134
1257;16277
1259;18995
1277;31798
1279;21201
1307;23815
1309;3289
1324;8874
1326;10802
1328;12342
1445;33224
1454;22281
1458;9817
1465;4104
1468;8215
1471;7592
1477;4776
1558;14551
1561;20492
1587;1239
1589;10121
1591;8795
1594;678
1609;1249
1612;8042
1616;3888
1619;6215
1623;5408
1640;20751
1662;27076
1665;16574
1683;11035
1689;13976
1705;38322
1723;11815
1728;10419
1731;4365
1734;439
1737;7036
1738;1113
1744;14642
1762;1147
1768;6993
1773;5504
1774;705
1776;869
1778;3065
1796;41947
1809;24151
1814;6482
1816;5796
1819;2232
1824;6474
1825;1435
1829;1666
1833;10143
1844;13336
1847;3148
1848;3513
1855;1039
1877;19908
1896;11696
1900;9736
1904;8227
1906;2775
1909;4005
1917;17848
1920;18532
1936;11707
1945;11001
1968;24423
1979;16088
1983;9382
1987;5972
1990;3403
1993;2761
1994;1986
1996;1814
1998;1415
2625;40343
2627;11881
2633;4974
2681;12222
2689;7117
2692;7042
2694;9454
2699;7163
2708;26998
2727;5758
2730;7784
2733;5014
2736;3785
2739;4453
2742;3588
2747;6369
2748;3665
2763;28718
2779;6282
2782;4069
2785;5427
2788;4183
2791;5495
2794;386
2796;1715
2797;1515
2799;1282
2826;25379
2827;17068
2828;12016
2829;9743
2894;7146
2899;4107
2906;18024
2923;586
2929;511
2943;23176
2953;6032
2956;2736
2957;5015
2959;4305
2977;36125
2979;5794
2991;9144
2994;6798
2997;5892
2999;5735
3042;18419
3044;17694
3046;20626
3048;14639
3050;14076
3051;6526
3052;1505
3053;694
3054;2302
3055;3613
3058;5228
3096;9426
3099;9364
3103;2035
3116;5914
3119;3942
3130;27681
3149;22297
3159;536
3172;22755
3185;9714
3197;1455
3205;9068
3222;16525
3226;8798
3229;3606
3238;24729
3246;1395
3249;3503
3253;12064
4103;13502
4105;1589
4107;11601
4109;11607
4129;11601
4155;16245
4157;22275
4158;13979
4159;21913
4177;16855
4178;14379
4179;1455
4205;14523
4207;17812
4209;18908
4229;30475
4249;1473
4275;22189
4277;21625
4279;15023
4288;11173
4289;9279
4299;14268
4315;1578
4316;7578
4317;17627
4318;14218
4319;10874
4328;4101
4329;14607
4347;19258
4349;8168
4356;2286
4357;14336
4416;2353
4420;148
4425;14164
4435;16951
4442;8798
4451;8212
4463;5338
4509;39116
4519;4933
4523;7826
4539;7824
4552;19802
4564;6704
4565;4164
4567;5377
4571;6095
4575;7178
4600;34093
4603;10356
4610;10968
4613;4071
4617;10908
4618;2203
4626;19057
4639;5353
4643;7556
4651;8399
4654;13477
4668;34365
4680;9253
4683;11809
4687;4085
4703;8898
4720;28919
4736;9403
4741;7964
4746;7795
4749;3967
4758;21721
4769;7997
4774;4601
4779;5509
4808;27018
4821;6352
4824;3113
4827;5967
4828;5736
4838;27928
4849;10313
4860;20638
4861;2297
4862;5193
4874;4716
4880;558
4886;6522
4889;3579
4895;8588
4910;8611
4916;13189
4924;11917
4928;3436
4931;3956
4932;9156
4934;2218
4936;543
4938;2403
6108;17376
6110;28584
6112;11992
6114;2195
6116;11479
6118;17123
6120;20115
6122;15337
6124;21269
6126;10619
6128;19725
6130;12688
6132;21041
6179;1352
6184;8851
6188;15312
6193;2075
6198;12122
6217;33814
6231;12058
6237;1417
6242;10071
6246;9173
6249;593
6255;607
6258;1134
6259;1589
6268;19154
6279;2825
6295;25503
6308;4738
6311;4298
6313;4676
6317;9652
6333;15752
6343;9673
6347;8072
6366;24439
6369;9977
6385;8023
6386;1179
6388;5471
6406;35048
6408;1117
6420;9113
6425;3978
6429;6979
6449;30543
6456;7347
6458;2992
6463;469
6464;14459999999
6466;2212
6467;2504
6469;1793
6484;21982
6485;5657
6493;18327
6502;19485
6526;28932
6528;6067
6536;11904
6537;3666
6542;8397
6543;615
6556;9476
6567;10307
6571;9184
6577;7539
6578;1575
6618;328
6628;6652
6632;8271
6636;315
6638;1941
6642;5249
6647;7131
6648;2416
6667;38889
6679;10365
6682;883
6686;919
6688;3366
6711;3494
6712;32632
6721;3717
6722;397
6729;8951
6749;14595
6766;23334
6772;4909
6773;8107
6774;12097
6779;5855
6780;9748
6785;8641
6792;8866
6794;595
6796;2741
6800;3844
6803;2524
6808;2896
6809;3016
6842;13398
6844;19944
6846;13169
6847;14662
6849;9891
6861;1459
6862;13561
6868;2129
6869;10698
6886;36835
6888;4391
6889;6259
6895;9814
6901;10641
6905;8868
6917;14682
6925;7417
7318;30831
7330;3314
7333;8997
7338;6072
7343;3294
7349;184
7356;6322
7366;4535
7368;3766
7381;17291
7387;2823
7389;359
7407;32431
7422;7002
7426;8593
7427;515
7429;1357
7545;15163
7546;17445
7548;18556
7549;21721
7551;8688
7552;8861
7554;9196
7557;1524
7570;15424
7580;10798
7586;8769
7589;5143
7607;1155
7613;551
7616;4857
7619;2854
7629;10646
7639;5808
7646;15622
7743;32097
7745;26247
7747;23339
7749;17222
7751;1319
7768;13017
7774;6804
7778;2064
7806;11088
7819;6266
7907;12574
7919;1851
7922;3813
7924;1835
7926;2665
7927;23
7929;3675
7937;14718
7950;4159
7952;359
7955;3872
7957;4543
7958;1695
7973;22263
7980;4093
7985;4459
7987;5242
8056;19241
8058;20025
8060;15263
8062;13382
8064;10169
8066;15166
8107;10169
8112;10577
8115;6724
8118;4831
8132;11925
8134;6538
8141;8052
8144;1224
8147;2091
8209;19698
8223;11813
8228;6817
8233;8436
8236;2806
8237;2949
8239;2365
8248;8003
8258;8281
8261;3458
8262;334
8267;138
8280;16941
8289;1498
8294;9386
8297;12654
8301;5059
8304;4949
8309;8073
8315;9202
8321;5598
8324;2442
8328;3585
8340;18053
8344;6203
8349;4549
8352;5547
8359;5786
8371;23623
8373;1757
8393;17865
8396;5363
8412;21744
8427;5331
8428;3784
8451;20031
8459;4294
8468;21861
8485;7645
8491;5718
8496;307
8499;2787
8523;19334
8525;16297
8527;13682
8529;12392
8538;6264
8539;2686
8541;4045
8543;2627
8547;2594
8548;1559
8606;157
8626;7724
8645;3779
8648;2133
9111;1035
9112;16361
9113;16056
9114;11489
9116;18176
9117;14687
9119;13067
9120;11502
9122;914
9123;1832
9125;9132
9126;20923
9127;18564
9128;4265
9130;21085
9131;12407
9212;24865
9217;11263
9221;6839
9224;7713
9228;4207
9232;4525
9235;6352
9236;3319
9241;2198
9243;2259
9244;7582
9247;2957
9249;2486
9306;18784
9322;955
9326;4611
9328;4756
9337;2313
9350;12369
9353;6283
9355;417
9356;3494
9366;1291
9376;11652
9380;6851
9385;8698
9387;5657
9390;2105
9392;2753
9394;3821
9399;2698
9405;10883
9419;5506
9423;4424
9427;4937
9429;4059
9430;5647
9432;2987
9434;1549
9437;1676
9439;392
9456;24697
9465;6875
9468;4953
9471;48
9474;4272
9477;2921
9481;536
9484;2344
9487;2537
9488;3564
9496;18128
9509;39459999999
9514;439
9518;3642
9526;13195
9544;2924
9548;3532
9557;11523
9569;8616
9573;933
9575;4492
9577;5091
9579;3706
9599;39861
9600;6121
9603;5871
9618;12982
9619;6417
9623;5226
9627;5996
9629;2473
9633;5374
9634;602
9638;28919999999
9648;19762
9661;17661
9669;15076
10115;20313
10117;12217
10119;16363
10178;12167
10179;18664
10243;2839
10245;27732
10247;32718
10249;25981
10315;28286
10317;19228
10318;22187
10319;22951
10365;22665
10367;18902
10369;19115
10405;2735
10407;21632
10409;21656
10435;15359
10437;27821
10439;25939
10551;16424
10553;8986
10555;1588
10557;16312
10559;14796
10585;12688
10587;11069
10589;12958
10623;568
10625;10488
10627;11179
10629;1142
10707;11116
10709;8771
10711;9794
10713;10686
10715;15464
10717;14042
10719;8869
10777;12267
10779;9214
10781;11956
10783;11151
10785;10438
10787;5613
10789;4131
10823;8295
10825;9739
10827;1393
10829;13001
10961;17874
10963;12433
10965;17854
10967;19571
10969;25347
10997;238
10999;24321
12043;13585
12045;15345
12047;13918
12049;1889
12051;22462
12053;15373
12055;13438
12057;14734
12059;16237
12099;1396
12101;14976
12103;18712
12105;22534
12107;19767
12109;14955
12157;18385
12159;14565
12161;16654
12163;17576
12165;4803
12167;18852
12169;16524
12203;19299
12205;13881
12207;21499
12209;14892
12247;19441
12249;22069
12277;13278
12279;16381
12305;20742
12307;11924
12309;159
12347;17699
12349;21692
12351;19154
12353;31768
12355;27263
12357;13849
12359;19945
12435;16319
12437;2174
12439;9929
12459;18149
12487;18147
12489;15233
12524;25446
12526;11157
12527;9425
12529;13419
12555;26978
12557;21494
12559;17643
12587;17717
12589;9236
12619;25458
12621;16074
12623;27373
12627;35353
12629;1341
12679;25823
12681;17149
12683;24329
12685;18578
12687;17946
12689;22446
13051;2182
13053;18486
13055;27928
13057;16106
13059;14495
13086;24062
13088;24071
13089;6288
13125;31379
13127;19255
13129;6468
13156;26467
13158;17234
13159;1762
13187;30078
13189;26019
13347;27115
13349;1233
13351;14173
13353;24213
13355;21174
13357;26123
13359;22161
13403;26703
13405;4826
13407;24022
13409;26581
13435;17011
13437;14481
13439;19016
13465;16865
13467;15265
13469;16124
13503;17113
13505;6368
13507;22195
13509;15999
13581;14355
13583;20761
13585;20238
13587;20108
13589;21103
13591;26762
13593;20238
13595;19966
13597;849
13599;1372
13627;17126
13629;1183
14050;1016999999
14052;11471
14053;139
14055;10661
14057;12237
14059;1970399999
14089;17734
14109;10049
14129;13834
14163;16361
14165;13956
14167;15485
14169;17274
14193;15505
14195;14667
14197;17889
14199;13657
14467;13113
14469;24882
14471;17443
14473;1133499999
14476;13558
14478;24831
14480;28576
14482;2219299999
14513;22479
14532;34096
14542;2327
14547;11763
14548;9989
14550;8193
14552;11686
14554;3945999999
14558;8601
14612;40187
14621;8836
14624;8635
14641;26761
14656;10745
14662;4073
14669;6345
14712;24526
14715;12409
14727;8663
14728;2526
14770;22112
14772;19451
14774;6621
14776;23481
14778;7663
14789;5367
14793;3623
14797;10849
14798;3432
14806;12212
14822;9764
14823;3148
14827;4607
14828;1316
14913;21726
14929;7599
14943;20283
14947;6559
14959;9258
14974;2368
14979;7651
15230;16879
15232;10015
15234;19126
15236;15475
15295;7167
15299;5896
15306;1179
15320;4031
15324;4352
15326;5469
15328;6179
15344;25565
15345;21797
15366;33351
15370;20762
15374;6893
15377;4389
15378;4685
15517;30982
15518;11146
15526;5988
15528;3334
15537;22085
15562;9724
15566;11827
15569;7771
15711;22201
15712;6987
15713;4549
15732;13868
15738;10568
15741;662
15745;9744
15746;2255
15748;1269
15749;8652
15754;7056
15755;262
15757;2213
15806;17263
15827;12838
15831;12753
15834;10405
15837;4237
15838;6547
15848;20015
15859;906
15864;1981
15868;209
15890;32479
15898;6816
15907;13897
15910;485
15913;9845
15926;13865
15936;6618
15938;4504
16225;23529
16227;15774
16230;7137
16244;9825
16247;5326
16248;5814
16259;20092
16269;8577
16278;16795
16303;31833
16306;6316
16307;3972
16321;37746
16341;189
16348;22428
16356;20587
16359;5515
16515;43375
16540;14719
16547;7716
16548;1107
16552;6103
16556;4438
16559;4323
16562;5519
16567;5963
16727;21896
16761;25527
16766;7166
16767;6573
16775;17346
16792;13669
16798;6178
16816;24358
16818;8234
16827;3007
16831;6175
16833;6616
16835;5666
16837;173
16845;12736
16866;13406
16868;3329
16909;19607
16928;1703
16945;402
16949;333
17033;29455
17034;19513
17036;15133
17039;8939
17087;5688
17089;4833
17091;6496
17094;865
17098;7236
17099;2148
17109;1175
17111;7742
17121;6464
17126;3133
17129;4114
17139;11352
17153;10034
17154;1918
17159;4557
17166;12718
17168;4915
17179;6289
17192;26208
17194;443
17207;6814
17209;5964
17213;8783
17214;1593
17217;4489
17219;2707
17235;20435
17237;7729
17248;2711
17252;462
17255;4182
17258;4587
17268;24667
17279;3294
17291;33481
17309;18256
17321;509
17322;287
17326;2025
17328;2073
17329;779
17335;5355
17337;3443
17348;4834
17349;3328
17358;1016
17367;5045
17373;9102
17375;574
17379;5262
17389;13107
17390;3533
17391;3497
17392;329
17398;4156
17406;2916
17419;5376
17424;3355
17429;4537
17438;12632
17440;5407
17449;5122
17454;3936
17459;4736
17489;25289
17491;20083
17493;10128
17495;5027
17498;10225
17506;3882
17509;8794
18055;24933
18057;2529
18059;2676
18069;23074
18106;22925
18107;2086899999
18109;26253
18119;8893
18146;1546
18147;17159
18181;4254
18182;9551
18184;7538
18190;5725
18195;6773
18196;7086
18198;4671
18209;15637
18211;7428
18225;7357
18230;445
18233;6048
18236;5126
18239;5568
18246;12786
18249;3769
18258;7657
18273;28907
18276;9892
18279;3741
18292;5537
18299;8971
18311;15157
18314;2262
18317;1572
18320;3611
18334;5014
18337;4794
18347;3404
18356;10282
18374;312
18375;3462
18435;2555
18437;16187
18439;14996
18442;8375
18445;7181
18461;4281
18465;3123
18469;2105
18507;10114
18510;3574
18513;3337
18516;411
18519;5255
18528;1782
18546;9754
18551;3947
18556;4295
18565;994
18569;3958
18573;5033
18574;4045
18581;4386
18586;6348
18609;5206
19053;15794
19055;11937
19057;17248
19059;10843
19061;1882
19063;16702
19065;3478
19067;5091
19069;5695
19071;3756
19073;6981
19075;4627
19077;3923
19079;4253
19086;3377
19089;9214
19205;11436
19209;3539
19217;9224
19230;20197
19243;9259
19246;6262
19249;4615
19258;15989
19260;2918
19273;693
19288;16334
19294;7228
19300;8711
19303;4494
19306;7512
19309;3684
19322;21671
19336;3307
19339;3643
19348;14042
19357;6757
19370;1749
19372;5076
19374;5097
19376;2926
19386;1025
19395;8314
19399;6519
19406;8081
19412;507
19417;5007
20095;3172
20097;169
20099;905
20144;10684
20146;10469
20148;5236
20149;7777
20249;9681
20251;21451
20253;16428
20255;1377
20257;14409
20259;12541
20354;2273
20355;4381
20357;15251
20359;13168
20457;2566
20459;7147
20535;25471
20537;16495
20539;1378
21029;18701
21031;28754
21033;15749
21035;30603
21037;15646
21039;15164
21073;27665
21075;24718
21077;23354
21079;23246
21107;22136
21109;26277
21129;17415
21147;19824
21149;22917
21217;16607
21218;9674
21220;1364
21224;12888
21227;2278
21228;856
21244;36738
21255;17796
21256;2424
21258;2123
21259;1511
21261;1192
21266;7559
21271;7175
21272;244
21274;945
21279;7311
21335;24371
21337;2346499999
21339;2218
21354;9521
21357;9816
21358;66
21360;2247
21365;10126
21368;4384
21369;1228
21371;57
21376;7873
21379;6906
21380;1593
21382;3335
21385;5676
21386;1175
21388;1489
21391;7198
21394;5579
21395;4045
21397;3221
21398;2584
21400;1322
21401;1295
21403;1777
21406;4152
21407;3741
21409;2676
21423;36501
21435;10868
21436;373
21438;1752
21439;137
21441;1441
21442;2128
21444;998
21445;1616
21447;1954
21449;1958
21465;38058
21481;1218
21483;4203
21493;19529
21502;29803
21509;1667
21514;10489
21516;2097
21521;8715
21522;3352
21524;651
21526;511
21527;618
21529;1061
21614;39558
21629;19888
21635;11613
21640;9652
21641;356
21643;2634
21644;2311
21646;743
21647;175
21649;108
21680;17442
21682;13367
21683;679
21684;8787
21698;15016
21702;5053
21706;11424
21709;6932
21710;786
21712;467
21714;2846
21717;7908
21720;5613
21723;3326
21726;5138
21727;1441
21729;1895
21730;1074
21732;497
21734;1214
21737;3079
21739;1819
21745;8841
21755;3504
21756;1874
21762;766
21763;1405
21765;1121
21769;4854
21770;633
21772;585
21775;3108
21776;2301
21781;4138
21782;918
21785;2074
21787;1485
21789;3511
22041;1462
22043;2046
22045;23011
22047;16747
22049;21955
22081;13124
22083;17888
22085;11978
22087;12136
22089;19734
22111;3018
22113;11801
22115;20877
22117;24207
22119;28977
22143;18114
22145;23258
22147;22546
22149;24291
22159;33364
22175;18966
22177;11631
22179;18537
22297;15444
22299;14218
22301;10827
22303;18319
22305;13746
22307;19125
22309;22569
22335;13775
22337;12166
22339;1417
22359;22305
22391;15391
22393;18194
22395;13002
22397;16798
22399;20074
22415;12366
22417;13271
22419;14871
22453;17053
22455;18197
22457;20065
22459;18991
22523;25487
22525;14163
22527;16727
22529;22913
22547;24283
22549;26311
22559;14638
22587;15583
22589;19973
22605;10206
22607;16532
22609;117
22761;18415
22763;18982
22765;24286
22767;27025
22769;16433
22844;20242
22846;16633
22848;10507
22850;16149
22851;10463
22869;18143
22880;31266
22885;11843
22889;6301
22926;31365
22927;9284
22929;372
22941;20276
22946;12234
22949;9548
22952;3298
22955;3189
22956;1318
22958;1345
22959;1186
22961;295
22962;2234
22964;2605
22965;1157
22967;1924
22969;1389
23552;13074
23554;22351
23556;16972
23558;26615
23560;2101
23562;21558
23564;19405
23566;21089
23568;16174
23569;17518
23570;13817
23611;23677
23617;16525
23619;5647
23623;8449
23626;5356
23627;4431
23628;3229
23629;352
23669;8753
23683;5899
23684;4727
23689;5681
23701;21627
23714;10717
23715;3498
23717;1483
23719;916
23730;19855
23738;8784
23743;6991
23744;2629
23746;1051
23747;1251
23749;1021
23758;14663
23769;12517
23774;9085
23775;2102
23777;1117
23779;1229
23795;25793
23812;939
23813;1214
23815;1297
23816;3758
23818;774
23820;165
23821;1203
23823;2176
23824;963
23826;2407
23827;1496
23829;1293
23843;27693
23845;8236
23847;10322
23858;11988
23860;1326
23863;446
23866;2354
23867;2519
23869;2475
23879;18434
23881;515
23883;3614
23896;2539
23898;5374
23899;1765
23909;14915
23911;4547
23919;3708
23923;13729
23936;16798
23942;4997
23946;2488
23948;5263
23966;20772
23968;17207
23970;11255
23972;5422
23974;5103
23992;6798
23996;6209
23999;2566
24103;10868
24105;19856
24106;17848
24107;12109
24109;23256
24111;7288
24113;21749
24114;13442
24116;11916
24118;11955
24119;11601
24143;20191
24145;1149399999
24146;1076
24147;6583
24148;13842
24149;12081
24159;19917
24161;992
24211;21825
24214;13442
24217;988
24220;8611
24222;5816
24223;7708
24226;8188
24229;8395
24232;7361
24235;7557
24238;3208
24239;986
24241;1947
24242;2064
24244;1061
24245;1339
24247;1945
24248;3832
24250;1402
24251;2367
24253;2989
24254;803
24256;1576
24257;2699
24259;1536
24306;11348
24321;11047
24326;5593
24327;2317
24329;1944
24340;24574
24351;1928
24354;4004
24357;3145
24358;168
24360;1476
24361;2694
24363;1298
24364;93
24366;783
24367;944
24369;1429
24376;10706
24392;7687
24395;3724
24398;256
24399;323
24401;747
24402;805
24404;64
24405;1309
24407;999
24409;808
24534;20623
24536;19886
24537;16228
24539;20914
24558;27988
24568;22996
24576;17573
24582;12832
24589;9232
24594;8166
24598;5879
24601;5532
24610;5559
24613;3761
24616;4067
24619;4377
24620;2024
24622;1211
24623;2809
24625;913
24626;198
24628;1777
24629;3775
24631;1507
24632;2671
24634;1813
24635;393
24637;888
24638;451
24640;2577
24641;241
24643;1061
24644;1746
24646;619
24647;2891
24649;1991
24768;27651
24782;11105
24783;5195
24784;4944
24787;6351
24790;6167
24791;1922
24793;1299
24794;2114
24796;3189
24797;1576
24799;1598
24800;1633
24802;3071
24803;2301
24805;1471
24806;3466
24808;3295
24809;1574
24811;4572
24813;1022
24814;839
24816;1406
24817;952
24819;2406
24837;23698
24848;7399
24850;4487
24852;4057
24855;4126
24857;3179
24860;2464
24861;742
24863;785
24864;762
24866;206
24867;1121
24869;552
24870;81
24872;915
24873;925
24876;1051
24878;1171
24879;1966
24881;1358
24882;1694
24884;1219
24885;1677
24887;2182
24888;1043
24890;1279
24891;131
24893;906
24894;1594
24896;1506
24897;701
24899;554
24937;13476
24939;1998
24941;10038
24943;26457
24944;12779
24955;10914
24960;6988
24963;6159
24966;4372
24969;4915
24972;3667
24975;4747
24976;4323
24977;3785
24980;5266
24983;6387
24986;4918
24988;335
24989;1046
24991;3413
24992;125
24994;2298
24996;1649
24997;2186
24999;229
25335;23663
25336;15384
25337;18041
25348;12796
25355;12731
25358;7016
25361;3589
25364;3955
25365;2835
25368;2242
25370;914
25371;959
25373;1423
25376;1027
25377;1736
25379;1056
25421;4107
25436;37915
25451;19713
25462;13608
25469;16265
25474;11837
25479;5834
25482;4914
25485;2948
25486;2595
25488;3094
25489;2729
25491;1316
25492;2835
25494;2266999999
25495;2097
25497;2185
25499;222
25524;35898
25541;12843
25548;9121
25551;7992
25554;7273
25557;5905
25560;4491
25563;3646
25566;3165
25569;3813
25572;1779
25573;868
25575;734
25576;1014
25578;1695
25579;471
25581;1
25582;31
25584;675
25585;63
25587;1937
25588;1888
25590;661
25591;746
25593;848
25594;1688
25596;2608
25597;1032
25599;1508
25693;469
25704;11982
25709;9029
25712;8051
25715;287
25718;2556
25719;1082
25721;78
25724;971
25725;139
25727;1774
25729;851
25746;25413
25761;6743
25764;577
25767;6198
25770;333
25774;4172
25776;936
25779;3912
25782;4554
25785;3803
25786;786
25788;1081
25791;1056
25792;1151
25794;1995
25795;2823
25797;1329
25799;692
25813;24119
25821;10338
25826;3932
25832;5206
25836;4051
25840;3566
25842;4393
25845;234
25849;1232
25850;78
25852;1579
25853;252
25855;912
25856;3335
25858;476
25859;114
25860;1527
25862;1587
25863;112
25864;655
25866;3816
25867;21
25869;14
25870;1353
25872;2347
25873;2306
25876;2235
25878;1187
25879;1845
25881;1201
25882;648
25884;2757
25885;3094
25887;722
25889;136
25899;12366
25917;11907
25920;451
25923;4334
25924;2586
25926;2234
25927;1722
25938;8572
25946;2316
25980;1384
25992;1554
25996;1392
25997;904
25999;522
26121;15156
26122;6915
26123;12416
26125;18795
26127;23164
26129;16088
26131;20167
26133;23512
26135;21141
26160;27512
26169;21066
26180;21247
26188;21207
26197;13696
26203;1577
26209;13779
26215;15387
26219;7488
26316;23917
26340;11767
26345;8525
26349;5985
26382;19204
26384;14903
26386;13701
26388;16223
26389;13531
26409;20703
26419;20446
26427;14431
26434;9377
26441;14083
26446;10341
26452;9232
26465;1771
26474;796
26486;131
26487;2831
26489;946
26506;25144
26524;10887
26529;13063
26532;8634
26548;5851
26553;4551
26556;5467
26571;154
26579;563
26603;14058
26605;15077
26607;11736
26624;18637
26629;13666
26632;12293
26639;12753
26655;22087
26670;11436
26676;12512
26683;13101
26689;11216
26721;16695
26723;13881
26725;19258
26736;12692
26757;5207
26759;7006
26789;34071
26802;22645
26810;19845
26817;17236
26826;15506
26831;7577
26835;10493
26842;10534
26844;3698
26845;1613
26847;2692
26849;211
26871;35107
26892;10628
26897;778
26899;4217
26901;4266
26903;4304
26904;2711
26906;1503
26907;1488
26909;2301
26919;15099
26931;9235
26935;4656
26936;149
26937;1519
26939;5626
26954;26561
26969;6401
27211;15679
27232;12558
27239;12311
27243;11055
27245;4924
27246;1314
27248;1557
27249;1568
27251;2065
27252;1575
27254;1843
27257;1929
27259;2991
27283;26656
27299;14573
27305;894
27308;10213
27313;913
27318;7036
27321;9348
27324;6346
27327;5262
27330;3103
27333;3884
27336;3734
27337;2925
27339;2724
27356;21131
27367;14323
27374;10224
27383;13095
27386;8301
27389;7388
27404;25698
27412;10845
27419;10956
27432;25396
27442;9431
27446;6651
27449;4776
27472;12249
27474;1448
27476;10143
27478;1231
27498;1407
27499;8
27568;15379
27570;20327
27572;106
27574;1519
27576;12855
27578;21252
27580;12452
27607;18514
27612;15962
27616;13814
27619;13839
27624;12324
27628;11173
27639;17093
27711;30365
27721;14606
27726;9311
27729;1191
27749;12536
27751;20342
27753;23631
27755;16876
27777;3045
27793;1892
27798;15918
27801;6197
27804;7063
27809;7015
28195;9007
28197;15158
28199;19837
28201;23643
28203;2279
28205;15457
28207;10071
28209;10964
28211;13501
28213;12077
28215;25442
28217;14326
28219;13462
28237;16714
28239;17743
28259;2902
28277;17528
28279;17607
28307;1644
28309;1746
28325;23043
28327;16987
28329;22363
28355;11788
28357;20685
28359;13045
28717;1275
28719;14536
28755;14837
28757;12321
28759;11112
28777;12969
28779;17977
28790;19651
28816;32421
28832;29539
28844;30011
28857;23728
28865;18099
28870;12241
28876;1527
28879;7628
29221;14796
29223;15317
29225;15193
29227;13144
29229;10631
29303;13829
29308;12737
29313;10075
29320;8175
29323;8072
29328;6337
29331;5901
29336;6406
29339;6151
29342;4197
29345;3683
29348;4516
29351;2123
29352;2482
29353;1672
29355;1013
29356;1791
29358;3198
29359;744
29361;923
29362;1706
29364;227
29365;1266
29367;1319
29369;1567
29378;8212
29379;3529
29386;6591
29389;3802
29392;5009
29393;1939
29394;128
29396;912
29399;3711
29410;24755
29413;498
29416;118
29439;9496
29451;8102
29456;5013
29459;2375
29462;2888
29465;1385
29468;1608
29471;1359
29472;322
29473;646
29475;639
29476;1247
29478;653
29479;1065
29481;742
29482;1383
29484;721
29485;1401
29487;652
29488;836
29490;1441
29491;492
29493;592
29494;946
29496;918
29497;958
29499;1583
29525;33638
29549;8757
29553;6701
29556;4625
29559;6799
29562;2596
29565;244
29571;2116
29574;5445
29575;1565
29576;816
29578;845
29579;757
29581;1524
29582;945
29584;1771
29585;789
29587;816
29588;1185
29590;493
29591;802
29593;729
29594;1038
29597;66
29599;1015
29614;21285
29633;14839
29640;18845
29643;5665
29646;6321
29649;4104
29664;23714
29683;1136
29690;12929
29693;7274
29699;7087
30159;8805
30161;25342
30163;22283
30165;22608
30167;17777
30169;9846
30171;16131
30173;18893
30175;6569
30177;13871
30179;15576
30419;40538
30449;18984
30451;15676
30453;17864
30455;21665
30457;18093
30459;23444
30519;31373
30521;32
30539;19961
30559;21419
30625;17576
30627;15674
30629;15907
30655;18581
30657;16117
30659;1602
30669;
30823;26279
30826;16876
30827;16355
30851;1578399999
30853;15174
30855;19799
30880;38878
30890;33084
30900;2824
30916;22743
30926;31847
30938;20356
30952;23156
30966;18413
30974;13901
30982;1375
30989;14121
31008;9015
31020;9692
31028;11163
31036;2719
31061;19474
31073;8165
31079;6205
31084;4892
31089;5298
31134;16764
31135;18563
31137;23243
31139;2186
31141;19167
31157;18193
31162;13382
31167;10162
31171;12269
31174;8259
31177;11687
31180;9764
31185;7986
31188;7233
31191;8019
31195;5876
31199;6736
31224;17975
31226;1407
31228;16574
31234;12374
31241;11523
31246;10154
31249;9059
31275;42686
31303;28877
31311;19975
31319;23036
31515;40666
31535;43634
31542;10102
31547;10209
31552;8877
31553;3288
31555;1483
31556;1654
31558;4527
31559;4821
31582;30902
31592;751
31595;5371
31600;5435
31603;4108
31604;2
31606;348
31608;4472
31609;1878
31613;224
31618;3624
31619;101
31621;133
31622;1774
31623;1746
31626;1611
31627;1053
31628;2782
31629;1702
31632;2356
31633;1653
31634;2549
31636;921
31637;2561
31638;1338
31655;2164
31675;19331
31683;9389
31688;4701
31691;3547
31693;2126
31698;4474
31699;1484
31700;984
31702;1044
31707;3761
31708;1176
31710;75
31711;1094
31712;201
31714;1384
31715;198
31717;777
31718;1187
31719;1064
31737;25879
31749;6523
31785;18305
31787;17407
31789;21098
31812;1912
31832;28627
31840;18535
31848;17696
31855;10969
31860;1022
31863;7421
31867;686
31868;1195
32049;26686
32051;17891
32052;20781
32105;18638
32107;16407
32108;17243
32120;19861
32130;20511
32139;14894
32257;45534
32278;16123
32289;9908
32312;25519
32339;24891
32351;14023
32361;12779
32369;15752
32423;22065
32425;2252
32427;19095
32429;16549
32457;35644
32469;26248
32479;1610199999
32545;10425
32547;14198
32549;24103
32584;39812
32602;19308
32609;1321
32657;41112
32676;1024
32683;9054
32689;14299
32694;8229
32699;11953
32756;26678
32758;26564
32760;20637
32791;34903
32805;17422
32816;8968
32825;15791
32832;9666
32839;13155
33014;18675
33034;16885
33039;6585
33098;23622
33100;30715
33102;33477
33104;26191
33106;28375
33129;30532
33142;21749
33154;24511
33161;15736
33165;10494
33175;14986
33178;1319
33181;12119
33184;9315
33189;8906
33330;25787
33332;27611
33333;3
33334;22486
33335;18379
33378;46616
33397;28652
33415;24843
33428;23868
33442;15948
33449;8171
33602;16421
33604;16116
33605;18678
33607;17319
33609;21251
33611;17276
33613;24221
33615;18181
33617;9744
33619;15451
33647;1917499999
33649;20101
33659;2001
33689;20957
33699;12462
33719;18292
33729;18243
33739;23203
33758;26473
33775;21005
33790;21162
33803;20177
33813;1667
33818;1597
33824;11387
33829;8834
34117;10418
34119;15471
34121;20802
34123;22914
34125;24435
34127;22408
34128;17801
34130;9145
34131;13192
34132;16475
34134;17734
34212;13299
34225;27389
34233;1187
34246;18079
34253;13517
34260;12502
34266;10337
34270;10027
34277;8803
34281;9183
34286;6247
34289;6607
34292;8028
34295;7265
34298;5592
34302;5234
34305;5263
34308;596
34311;5334
34314;4904
34317;5118
34320;494
34323;3933
34326;3521
34327;2952
34329;1822
34346;23927
34355;8036
34359;4607
34369;15183
34376;6963
34379;7541
34385;3599
34388;5228
34393;595
34396;3345
34399;5436
34414;23596
34431;20467
34434;9144
34439;845
34454;15644
34466;12729
34471;6794
34474;5395
34477;4548
34479;3735
34497;23555
34508;6019
34513;7098
34516;588
34519;4974
34537;1662
34549;657
34560;14512
34576;13972
34582;12866
34587;1081
34590;7367
34593;457
34596;3908999999
34599;3264
34613;18377
34621;7638
34626;7265
34628;5102
34630;3149
34632;2488
34633;2302
34637;3252
34639;1107
35037;22335
35039;21581
35041;1403799999
35043;13766
35066;1808
35075;12245
35080;8255
35083;9026
35085;8883
35088;548
35091;6738
35094;6829
35096;6984
35099;4903
35102;5639
35104;4217
35108;5636
35110;3085
35112;4073
35114;374
35116;3086
35117;3491
35119;2165
35216;13706
35232;11717
35236;6983
35239;4155
35260;20735
35274;16216
35279;8638999999
35282;4487
35285;3908
35287;5107
35288;2399
35305;13788
35315;7664
35321;975
35325;9496
35327;3096
35329;2908
35390;14989
35392;9656
35394;15969
35396;17818
35398;16375
35410;12515
35415;17389
35418;12748
35423;13117
35428;11671
35435;12182
35440;12095
35444;10035
35447;10261
35452;726
35457;9838
35460;812
35463;6478
35466;5175
35469;4175
35510;23912
35516;5638
35519;4273
35576;12386
35578;17825
35579;1624
35580;3497
35581;2368
35582;3027
35583;2045
35584;3728
35585;946
35586;3401
35606;13464
35614;13616
35619;1076
35625;10544
35630;9263
35633;8102
35638;5803
35641;6407
35644;4891
35647;4842
35649;3422
35683;9513
35684;3785
35685;2605
35686;1523
35687;1986
35688;2192999999
35689;1171
35690;1107
35708;19722
35713;10292
35716;601
35719;3491
35745;20648
35753;6883
35756;4905
35759;5132
35764;652
35767;4937
35768;2783
35781;12715
35789;9063
35792;4313
35794;5754
35796;4537
35799;3322
36037;12774
36039;16511
36041;17388
36043;17976
36088;15864
36093;15865
36100;14789
36103;8701
36110;9641
36115;7239
36119;10791
36124;11058
36129;5594
36132;7274
36137;8575
36142;4524
36145;6082
36148;6315
36151;6551
36154;4729
36157;4543
36160;3327
36163;2549
36166;3067
36167;2874
36169;1661
36179;13773
36199;13433
36205;7826
36208;5034
36211;5136
36214;2841
36217;2442
36219;148
36251;34367
36266;7575
36269;4239
36272;548
36275;3662
36277;4625
36280;3272
36282;3191
36284;3214
36286;3065
36287;1803
36289;2442
36304;16412
36318;2921
36320;3378
36323;2548
36325;2629
36326;2048
36329;2895
36341;13289
36355;4834
36358;487
36364;2901
36367;3981
36369;2479
36381;16322
36391;9123
36396;10598
36399;3248
36404;6147
36414;3699
36419;711
36433;20926
36448;8087
36452;677
36456;4842
36457;886
36460;5536
36466;8745
36469;536
37073;14268
37075;16624
37077;15158
37079;13896
37081;19384
37083;16945
37085;1959
37115;21297
37120;13272
37124;11804
37127;9452
37130;9254
37133;7178
37136;7386
37139;6571
37154;29366
37170;14832
37176;8145
37181;808
37186;7224
37191;734
37194;3373
37197;4218
37199;1941
37213;6619
37214;1277
37215;1826
37216;1237
37217;3059
37218;1028
37235;12213
37242;827
37247;6767
37249;183
37269;19464
37276;4843
37281;4257
37284;4715
37287;5157
37290;3228
37293;2898
37296;3128
37297;1697
37299;1097
37308;27566
37318;12409
37327;14775
37339;21261
37345;8743
37351;7081
37355;5544
37359;5028
37412;15006
37431;10962
37434;14255
37441;7686
37444;1744
37445;4829
37520;23215
37539;9038
37574;3223
37581;10055
37586;10296
37589;682
37603;20236
37619;9669
37620;1622
37627;9764
37632;5144
37633;845
37635;448
37639;4016
37640;987
37642;443
37643;722
37647;2362
37649;852
37671;30209
37688;13873
37691;3532
37696;538
37697;25
37699;1149
38100;12351
38102;17351
38104;16821
38106;2202
38108;17843
38110;12569
38112;16531
38114;14794
38116;14923
38118;20047
38120;2531799999
38122;14266
38124;2063
38126;17206
38154;1567
38159;16013
38162;12804
38165;11523
38170;947
38173;10284
38176;10018
38179;683
38226;30507
38228;15462
38229;12963
38239;13905
38259;26137
38268;12741
38271;3071
38272;2413
38274;1628
38275;1629
38277;1203
38279;936
38300;13522
38302;19775
38304;1845
38312;6938
38315;9121
38319;1874
38321;3039
38322;516
38324;1784
38325;47
38327;662
38329;1221
38350;23258
38364;1165299999
38368;4636
38372;2704
38373;2522
38375;682
38376;651
38378;9
38379;1016
38381;118
38382;423
38384;686
38387;1819
38440;25285
38442;22851
38444;22244
38446;20845
38448;28805
38458;4651
38459;1907
38461;2102
38462;1012
38464;2563
38465;3257
38467;908
38468;1634
38470;185
38471;4858
38473;126
38474;153
38476;1021
38477;1872
38479;1366
38486;12377
38489;6193
38518;41178
38524;10848
38527;8229
38528;1774
38530;1336
38531;2257
38533;3105
38536;8273
38539;5435
38542;4355
38543;2524
38547;5073
38550;6309
38551;2089
38553;1881
38554;2533
38556;971
38557;1899
38559;1141
38640;17698
38642;16819
38644;6294
38667;22025
38678;12626
38685;12058
38690;10767
38700;4514
38704;859
38707;2012
38709;975
38723;19907
38729;4274
38820;34881
38822;5102
38828;2808
38829;2217
38835;10404
38836;4992
38838;4201
38855;35411
38871;15773
38875;506
38877;2007
38879;597
38889;18661
38895;419
38899;3741
39104;19355
39106;10224
39108;24928
39110;18287
39112;19265
39114;20577
39116;16624
39118;14546
39120;9965
39122;11476
39124;13706
39126;14122
39128;20362
39130;14764
39164;14772
39167;9215
39171;9243
39175;10514
39179;8953
39217;236
39218;30267
39221;8017
39240;12518
39245;6016
39249;6258
39261;13626
39264;9936
39279;5121
39288;23188
39291;18925
39307;20131
39317;6042
39319;3269
39326;31287
39340;15913
39343;15418
39345;5669
39356;5375
39359;5116
39365;9984
39387;20627
39393;9293
39397;7873
39418;19299
39435;823
39439;4485
39443;6011
39444;7485
39446;2816
39448;3306
39517;14525
39524;7627
39539;6974
39576;41022
39579;1134
39590;10312
39596;6367
39606;13674
39615;10113
39619;7303
39624;8126
39628;5996
39629;3050999999
39638;20184
39646;6832
39649;4463
40210;5029
40211;10522
40212;543
40213;4332
40215;15171
40217;8335
40219;10449
40221;11009
40223;21393
40225;13238
40227;25521
40229;20746
40231;18293
40233;1674
40235;17101
40237;14871
40239;12227
40468;21017
40470;16127
40472;24765
40474;13514
40476;22161
40477;15854
40479;9586
40489;23492
40545;12689
40547;1531
40549;12449
40589;19509
40591;24899
40593;13135
40595;23787
40597;14222
40599;20421
40625;26186
40627;19859
40629;11902
40667;21049
40668;14922
40670;1837
40699;43657
40721;17658
40723;16194
40724;20476
40764;56833
40789;40296
40822;38064
40878;21487
40880;21188
40882;15897
40883;9013
40885;19398
41061;22328
41063;19283
41065;26889
41066;17436
41068;1468
41069;16039
41169;7054
41179;16662
41189;1718
41199;21555
41236;24531
41238;31086
41239;20578
41334;41462
41352;32017
41363;22197
41366;19084
41372;14966
41379;15516
41460;14961
41462;3389
41464;23096
41466;17147
41468;17652
41469;1856
41470;12894
41472;12386
41515;28224
41516;20507
41517;13048
41539;17696
41540;17396
41541;9906
41542;1722
41564;41932
41569;12482
41747;18744
41748;17713
41749;162
41751;22348
41812;42969
41836;38969
41844;27947
41849;16951
42103;6084
42105;16722
42107;14257
42109;14208
42111;11576
42113;10784
42115;14129
42117;13785
42119;1956
42275;12544
42277;23936
42279;13957
42281;14383
42283;16819
42285;1225
42287;11307
42289;19194
42327;18472
42329;16563
42349;22028
42369;20664
42389;15234
42399;4464
42477;22518
42489;21209
42499;15298
42549;27898
42551;19604
42553;18135
42555;1569
42579;25625
42651;23627
42653;17985
42655;17727
42657;17047
42659;15117
42697;1814
42699;21497
42719;24234
42781;29655
42799;27524
42853;16447
42855;20118
42857;17971
42859;17644
42897;24007
42899;1433
42929;35018
44135;11921
44137;21573
44139;19843
44141;17622
44143;24703
44145;30076
44147;22692
44149;22844
44225;21989
44227;17922
44229;16315
44263;22902
44265;12951
44267;15519
44269;2171
44287;22584
44289;11714
44309;22257
44319;30714
44328;20236
44329;1636799999
44339;34662
44357;18207
44359;18994
44369;2451
44379;2151
44388;29031
44532;31619
44534;29426
44536;24992
44575;22186
44577;16447
44579;16131
44581;20055
44623;22349
44625;22458
44627;19291
44628;13806
44629;12097
44649;22406
44651;2007
44652;11727
44653;10835
44787;8368
44789;18728
44791;156
44793;19429
44795;25059
44797;1386
44799;1543
44801;15563
44803;22053
44805;27536
44807;15847
44809;2001
44866;34879
44867;11372
44869;25018
44879;27063
44892;27312
44894;19446
45127;8529
45128;11535
45130;1541
45131;10873
45133;14458
45134;11898
45136;14713
45138;17683
45139;13782
45141;21327
45143;2025
45144;15837
45145;16342
45147;2335
45149;17312
45219;17443
45239;20125
45257;13259
45259;12723
45276;17145
45277;16108
45279;25556
45289;9512
45307;21125
45309;16931
45326;25965
45327;24572
45329;247
45355;26972
45356;14236
45357;1988
45359;26907
45468;21271
45470;18616
45472;20844
45473;17661
45475;18451
45476;15065
45478;17916
45479;14028
45481;23096
45525;19209
45527;18294
45529;16883
45549;25612
45657;19166
45659;20261
45661;21059
45663;22723
45665;32776
45699;32511
45701;28946
45711;34509
45721;37362
45731;28985
45739;30941
45768;28875
45770;2741
45772;28582
45879;13324
45881;24073
45883;16572
45884;13622
45886;19053
45888;22821
45889;15741
45891;26414
45892;1533
45894;20762
45896;24226
45897;20107
45899;26846
45964;21198
45966;25148
45968;27751
46045;28266
46047;26498
46049;32471
46117;23008
46119;18198
46145;25587
46147;28043
46149;27525
46236;23552
46238;25729
46240;25238
46242;2253
46244;20422
46282;23616
46284;26563
46286;26788
46325;41671
46342;1302
46348;11178
46354;8911
46359;8111
46395;28624
46397;24182
46399;18398
46414;19149
46419;10932
46446;29948
46459;2161199999
46483;21308
46485;22751
46487;16396
46499;26485
46509;21315
46514;13382
46519;12806
46535;19696
46537;25529
46539;22672
46562;37269
46569;13763
47051;13928
47053;24646
47055;18907
47057;2594
47058;14341
47059;851
47119;11309
47137;30805
47138;14441
47139;14471
47166;2738499999
47167;28195
47169;2914
47178;21364
47179;20824
47198;29203
47199;5062
47226;21076
47228;24686
47229;13833
47239;17468
47249;25687
47259;22412
47269;16266
47279;8392
47441;30833
47443;26448
47445;27224
47447;19924
47475;37333
47495;3094
47506;27228
47509;6526
47533;4748
47546;1381
47551;1262
47559;1022
47574;32784
47589;8291
47608;33002
47623;16449
47624;2371
47625;2506
47626;42
47627;2036
47638;15435
47647;12545
47652;10077
47661;1194
47665;8712
47669;7817999999
47798;28171
47799;19019
47800;17922
47802;9892
47803;25186
47804;18063
47805;15357
47807;2415299999
47809;25195
47829;23314
47839;16087
47877;50792
47906;35141
47918;29593
47929;14969
48143;9237
48145;2045
48147;24422
48149;20276
48151;22894
48153;20051
48155;2076499999
48157;21235
48159;22606
48161;32198
48163;23534
48165;26776
48167;25346
48231;37062
48249;46485
48268;34731
48282;35264
48291;18921
48301;19226
48308;20007
48317;15215
48324;12877
48329;11568
48336;14011
48341;10043
48346;10642
48351;9427
48356;9403
48361;6309
48366;6495
48369;7164
48429;29806
48431;22876
48432;20137
48455;15142
48465;15346
48477;19713
48480;12828
48485;13726
48488;978
48493;7833
48496;767
48499;7578
48527;19165
48529;20468
48531;12516
48565;33455
48599;45509
48607;18941
48612;6521
48619;8382
48624;6883
48629;6408999999
48653;3588
48683;38426
48691;22428
48703;20192
48712;16936
48720;10592
48727;11537
48734;14338
48739;697
49074;11568
49076;13222
49078;15802
49080;19799
49082;20356
49084;18592
49086;19028
49088;16324
49090;19233
49124;31995
49134;23205
49143;14419
49152;1522
49163;12813
49170;13754
49176;10236
49179;9495
49186;10644
49191;13434
49196;9223
49201;9294
49205;11004
49214;7495
49219;6705
49324;22574
49326;12721
49328;10779
49356;15993
49377;30368
49393;24889
49401;16297
49406;9013
49413;12662
49419;7027
49424;9255
49429;9321
49434;7886
49439;9618
49448;6567999999
49451;6549
49453;569
49456;5912
49457;2948
49459;1391
49477;26069
49479;24674
49492;1101699999
49497;11895
49504;13645
49509;1141
49525;21929
49536;8677
49545;8917
49549;6432
49565;30253
49577;10581
49584;9245
49586;8467
49593;7845
49594;3786
49596;2529
49597;3283
49599;1800999999
49610;12217
49624;13094
49626;6651
49632;8314
49635;4492
49637;2529
49638;2967
49661;32984
49681;14097
49685;11362
49688;6743
49692;6881
49696;7729
49699;4713
49716;34081
49733;22784
49740;12328
49744;1128299999
49751;9827
49757;1198
49762;8991
49767;9625
49770;5436
49774;4731
49777;2918
49779;2197
49808;20052
49809;17154
49811;1472599999
49824;11515
49828;14071
49832;10466
49835;11432
49838;6829
49843;7367
49844;2337
49846;2893
49847;2417
49849;1647
50126;19032
50127;18777
50129;21118
50169;23066
50170;21609
50171;18597
50181;23064
50189;20825
50226;4967
50259;53025
50321;43567
50354;55073
50374;4927
50389;3501099999
50667;4795
50668;11765
50670;17303
50672;9583
50674;17561
50676;14676
50677;12923
50678;17874
50679;15197
50733;34574
50735;308
50737;1878
50739;26117
50765;30471
50767;16821
50769;31663
50823;29057
50825;25907
50827;27209
50829;18994
50858;23454
50859;22027
50931;15618
50933;17885
50935;16884
50937;26066
50939;14507
50968;24413
50969;19996
50996;15002
50997;20728
50999;18839
51061;30678
51063;33955
51065;214
51067;27232
51069;31587
51103;36171
51105;27095
51107;28375
51109;28435
51143;23123
51145;25894
51147;22992
51149;21575
51371;29624
51373;26835
51375;25396
51377;24162
51379;22796
51381;30249
51399;18037
51427;22637
51429;26096
51465;14313
51467;18269
51469;27415
51491;27004
51503;27534
51515;19569
51519;14903
51545;19025
51570;18969
51580;1908
51588;16734
51597;10614
51598;1635
51643;15852
51645;18507
51647;15656
51674;25327
51688;21787
51702;1880499999
51709;13702
51766;19416
51789;21278
52062;15989
52064;22594
52066;31839
52068;15378
52070;22563
52072;21256
52074;30606
52076;20248
52078;2973
52080;26232
52134;46468
52146;37233
52152;15124
52156;12124
52159;8288
52222;20927
52223;20865
52224;14421
52249;54732
52349;14672
52351;25832
52353;25
52355;23203
52372;17256
52379;13471
52382;13759
52385;988
52388;10593
52391;8965
52393;8679
52396;4424
52399;9845
52428;31866
52441;12576
52445;8299
52457;13751
52459;6952
52477;46553
52499;26376
52511;263
52525;4973699999
52531;24238
52538;2139
53111;19084
53113;10036
53115;17643
53117;2165
53119;19928
53121;15556
53123;23047
53125;14981
53127;1403
53129;15968
53173;1186
53175;19609
53177;20883
53179;16953
53225;22596
53227;1754
53229;24394
53332;46272
53340;23554
53343;19475
53347;22743
53359;26408
53424;15838
53426;1948
53474;26862
53489;1708
53498;10281
53501;10809
53505;4179
53506;4274
53507;1747
53508;911
53518;4706
53520;6124
53533;1329
53534;1327
53539;2979
53545;6833
53547;10905
53557;5728
53560;3556
53562;3453
53567;11626
53572;5957
53577;6263
53578;4232
53579;2539
53604;24579
53619;4408
53639;40048
53721;38704
53757;53997
53773;44878
53783;18776
53797;29646
53804;14056
53809;10454
53819;1977
53840;23689
53842;23736
53844;24936
53859;36581
53879;28215
53881;27256
53894;26779
53902;1752
53909;19768
53913;17619
53919;15478
53925;11403
53937;13135
53940;8272
53945;8661
53947;7585
53949;4216
54290;16041
54292;17296
54293;14881
54294;21393
54295;15766
54296;20327
54298;7787
54306;2104
54308;1638
54309;2896
54310;2471
54311;3669
54313;2956
54314;3835
54316;4357
54317;11121
54318;1649
54320;2056
54329;17565
54331;1959
54332;2261
54338;6901
54340;8527
54341;2465
54343;268
54344;2566
54346;2245
54347;2239
54349;1046
54411;6144
54413;4668
54421;2609
54422;1638
54424;2282
54426;4599
54427;1954
54429;3248
54439;9157
54441;9158
54450;1554
54451;15
54453;2245
54455;1633
54456;2758
54457;1752
54459;1452
54470;873
54472;5919
54483;693
54484;1496
54486;1006
54487;955
54492;3068
54497;11011
54498;1981
54516;18724
54518;14422
54523;2342
54524;1323
54526;1979
54528;2379
54529;85
54531;2626
54533;4806
54534;1323
54536;2322
54538;4872
54539;896
54550;8159
54552;9758
54558;2419
54568;7668
54570;8331
54574;1416
54576;3385
54578;4159
54579;1424
54584;2737
54585;476
54586;316
54587;1608
54589;1615
54595;759
54597;10631
54608;2627
54610;585
54611;645
54612;929
54614;2104
54616;847
54617;531
54619;1691
54634;14219
54636;13587
54646;1624
54647;1571
54649;2366
54655;3273
54657;234
54662;4887
54664;1031
54666;1437
54668;436
54669;1647
54673;3944
54675;6048
54687;1383
54689;2326
55116;18739
55118;24753
55120;13316
55122;23825
55124;13903
55126;13898
55127;13013
55128;20329
55129;21615
55130;20035
55131;16953
55218;23967
55232;17976
55234;18661
55237;4092
55239;3818
55246;13364
55252;11767
55257;8345
55262;7225
55263;2548
55268;9254
55270;21473
55271;4572
55276;9173
55278;17178
55283;7805
55286;8622
55288;8769
55291;717
55294;7057
55296;6121
55299;5512
55411;23797
55413;6089
55422;2063
55424;2821
55425;4036
55430;402
55432;1335
55435;662
55437;557
55442;4726
55444;4647
55450;3717
55452;7685
55457;4427
55459;2142
55469;12113
55471;4354
55481;6535
55483;3874
55487;4931
55490;2853
55491;23
55494;6122
55496;1682
55497;1066
55499;738
55543;26289
55545;16996
55546;8747
55559;2497
55566;8468
55568;2214
55569;2359
55571;1735
55576;6168
55578;4574
55583;4156
55585;434
55590;2897
55592;2221
55593;2443
55595;19805
55596;2935
55597;5125
55599;5353
55606;13776
55608;1751
55618;1885
55619;1256
55621;393
55624;3056
55626;938
55627;222
55629;1029
55743;3179
55756;875
55758;15196
55765;8334
55767;8586
55768;2912
55774;4304
55776;3124
55777;1279
55779;121
56068;14784
56070;21378
56072;19646
56073;14434
56075;13004
56076;1076
56077;13862
56112;1769199999
56130;9059
56132;4386
56133;1276
56154;15455
56170;16582
56179;9583
56182;3265
56191;2295
56203;9231
56204;2481
56206;178
56218;10692
56220;14323
56235;7792
56237;681
56242;5195
56244;12836
56249;2827
56253;231
56254;1267
56269;6325
56271;3834
56276;2658999999
56281;6512
56283;5533
56288;9952
56290;6693
56291;5651
56294;4941
56295;2539
56299;523
56305;3056
56307;2679
56316;2944
56317;2024
56321;4493
56322;1904
56323;2294
56329;2808
56330;3272
56332;11057
56333;2475
56335;1945
56337;7094
56338;3052
56340;2289
56341;2239
56346;1929
56348;4461
56349;888
56355;6145
56357;13779
56368;4207
56370;5867
56377;5409
56379;7618
56410;12514
56412;18774
56414;13156
56422;5213
56424;4919
56427;2747
56428;2456
56457;6494
56459;13526
56462;3136
56470;588
56472;6304
56477;498
56479;11978
56564;22085
56566;2157
56567;20565
56575;8234
56579;4398
56581;4233
56584;3373
56587;3519
56588;2016
56589;1808
56593;4746
56594;849
56598;425
56599;1853
56626;29123
56630;742
56637;5785
56642;3903
56645;3728
56648;2227
56651;5763
56653;284
56656;2427
56659;3186
56727;19933
56729;12306
56736;2722
56743;10179
56745;515
56746;3025
56751;768
56753;3846
56754;244
56759;4596
56761;6701
56766;4329
56767;2212
56769;834
56812;6384
56814;7241
56818;1308
56820;1336
56821;862
56823;1144
56825;2252
56826;1789
56828;844
56829;886
56841;5801
56843;1862
56850;1965
56856;4102
56858;5048
56859;2397
56861;1074
56862;905
56864;1011
56865;3097
56867;948
56869;1044
57072;25016
57074;20751
57076;14919
57078;18787
57080;19773
57223;30797
57234;20481
57250;23422
57258;18041
57271;15363
57290;13911
57299;14497
57319;19921
57334;14214
57339;734
57368;26546
57392;25521
57399;12092
57413;17194
57439;24508
57462;24847
57482;19696
57489;11847
57518;1221
57520;10769
57537;11345
57539;6341
57540;
57548;8745
57555;829
57562;6858
57567;4315
57572;5018
57577;3518
57578;1874
57580;2691
57581;1863
57583;1683
57584;3277
57586;2359
57587;2494
57589;2038
57610;8672
57612;5579
57614;6546
57627;712
57629;10186
57632;513
57635;5395
57636;1256
57638;1354
57639;1562
57641;1016
57642;1297
57644;214
57645;959
57647;1872
57648;2164
58089;2494
58091;16656
58093;23341
58095;1846
58097;24109
58099;26761
58119;23423
58135;30335
58239;46772
58256;30528
58285;31206
58300;27945
58313;2283
58332;28344
58339;9109
58452;24234
58453;22389
58454;14935
58455;21857
58456;12949
58507;15031
58509;18245
58511;23894
58513;8265
58515;8327
58540;21132
58553;1654
58566;16388
58579;10915
58636;22954
58638;19388
58640;19071
58642;16139
58644;1718
58675;35201
58706;20145
58708;21939
58710;12446
58730;20953
58739;11604
58762;18238
58769;6756
58791;18417
58802;11848
58809;12199
58840;26246
58849;74
59063;15627
59065;22901
59067;22118
59069;15928
59071;27483
59073;17952
59075;2731
59077;26862
59174;43765
59192;49061
59199;18052
59227;25076
59229;27262
59269;36198
59302;29029
59320;1971
59329;12453
59348;23656
59368;29659
59379;26074
59387;15141
59394;9694
59399;12101
59423;1785099999
59425;23281
59427;1798
59439;16791
59457;30323
59469;1235
59494;46728
59505;11517
59510;1202
59514;12347
59519;11114
59555;183
59556;13002
59557;19407
59558;15243
59581;25991
59590;20769
59597;15608
59602;10666
59609;10442
59755;17893
59757;14213
59759;14156
59821;18513
59823;9671
59846;28591
59872;30782
59889;9073
59909;11454
59929;25962
59939;15077
59955;13003
59964;7998
59969;6345
60306;
60308;
60310;
60311;5428
60312;
60313;4558
60314;10109
60316;21128
60318;17913
60320;15818
60322;12931
60323;8529
60325;8394
60326;20809
60327;9766999999
60329;4313
60385;33049
60386;21018
60388;18712
60389;23031
60431;22625
60433;23869
60435;29833
60437;3123
60438;4696
60439;35056
60486;19141
60487;15648
60488;19506
60489;16988
60528;22825
60529;20099
60549;12
60594;15913
60596;11512
60598;18427
60599;21441
61118;31268
61130;19874
61137;11633
61138;3727
61169;27355
61184;21144
61191;11931
61194;9302
61197;8786
61200;9653
61203;6778
61206;6123
61209;5598
61231;30209
61239;5762
61250;13329
61267;1471
61273;9274
61276;6277
61279;5194
61348;13333
61350;2147
61352;16594
61381;24223
61389;8849
61440;44125
61449;10058
61462;15711
61476;17793
61479;5234
63065;17169
63067;1856
63069;26222
63071;21159
63073;14253
63075;15878
63110;42895
63128;3188599999
63150;17831
63165;26967
63179;2373099999
63225;34924
63263;34716
63303;39421
63322;2627199999
63329;1089
63450;1943
63452;19563
63454;14749
63456;19486
63457;13624
63477;35827
63486;20236
63500;20059
63505;13427
63512;13803
63517;11122
63526;13125
63533;8978
63538;7284
63543;5195999999
63546;477
63549;3334
63571;2181
63579;14425
63584;14359
63589;9858
63594;7273
63599;838
63607;12293
63619;9203
63628;13446
63633;6322
63636;5208
63637;3611
63639;2457
63654;20881
63667;16876
63674;11882
63679;104
63683;8951
63688;7605
63691;4871
63694;5258
63695;307
63697;2904
63699;2798
63739;19687
63741;25076
63743;22604
63755;18675
63762;16313
63768;13279
63773;9852
63776;11934
63785;8584
63791;8023
63796;7502
63801;8139
63808;8437
63811;7512
63814;8505
63820;8983
63825;8668
63826;2129
63828;1836
63829;2205
63831;1059
63834;6929
63839;5736
63840;1883
63843;4917
63846;5215
63849;4883
63853;4903
63856;5844
63857;3953
63860;1704
63863;3837
63864;335
63867;3857
63868;4107
63869;2208
63871;862
63872;2174
63874;1819
63875;2208
63877;356
63879;197
63897;9104999999
63906;9914
63911;6124
63916;4002
63920;5084
63924;4398
63925;142
63927;4326
63928;2603
63930;1552
63931;2311
63933;2558
63934;1724
63936;1798
63937;2307
63939;475
64283;11548
64285;17666
64287;15774
64289;2387
64291;22655
64293;13332
64295;16687
64297;22075
64319;23823
64331;23627
64342;15737
64347;25498
64354;16302
64367;13536
64372;14444
64380;119
64385;8576
64390;7478
64395;5164
64397;5018
64401;4582
64404;5432
64405;2657
64407;3192
64409;3762
64521;23766
64546;32383
64560;21567
64569;983
64572;13592
64579;9825
64584;6361
64589;5797
64625;39242
64646;24878
64653;12954
64658;10518
64665;9109
64668;8545
64673;6595
64678;5063
64683;6055
64686;7155
64689;3805
64711;13293
64720;16394
64732;9325
64739;9945
64747;7334
64750;6867
64753;3603
64754;22
64756;2579
64757;27
64760;10491
64807;14597
64823;20704
64832;15606
64839;14023
64846;13528
64850;904
64853;6319
64859;5954
65183;14471
65185;13066
65187;2229999999
65189;11223
65191;17338
65193;15372
65195;17445
65197;29776
65199;22952
65201;15793
65203;2116
65205;22347
65207;20756
65232;28412
65239;16887
65307;10396
65321;7862
65326;6023
65329;6036
65343;8494
65344;1287
65345;1669
65346;3277
65347;1965
65366;11507
65375;11475
65385;9795
65388;6053
65391;3994
65396;555
65399;3871
65428;58826
65439;1994
65451;13315
65462;15627
65468;13107
65474;12631
65479;14504
65510;33269
65520;1393099999
65527;1440799999
65529;521
65549;17119
65550;3035
65551;3053
65552;2724
65553;1614
65554;1221
65555;243
65556;237
65558;10182
65582;11826
65589;12051
65594;9711
65597;9801
65599;8525
65604;8059
65606;6949
65611;6637
65614;5566
65618;8132
65620;5849
65623;4026
65624;2222
65626;1522
65627;2357
65629;146
65719;37735
65760;20317
65779;2767
65795;24747
65812;21203
65817;13327
65824;14729
65830;1058
65835;8688
65843;8304
65929;28067
65931;20603
65933;22187
65934;17477
65936;15625
66111;11286
66113;2311
66115;18371
66117;1443
66119;14836
66121;15169
66123;12664
66125;22383
66126;5547
66127;5546
66128;6295
66129;3362
66130;111
66131;3553
66132;4042
66133;4086
66265;18189
66271;11419
66280;16605
66287;13504
66292;14764
66299;10377
66333;38818
66346;19204
66352;8349
66359;7099
66386;36653
66399;11146
66424;41562
66440;21247
66450;18054
66453;6784
66459;10039
66482;34235
66484;4957
66497;4854
66500;18
66501;822
66503;1379
66504;731
66506;1053
66507;827
66509;2164
66538;20341
66539;12273
66540;1363
66557;17036
66564;1496
66571;1774
66578;15999
66583;13507
66589;10244
66606;26246
66620;887
66625;10277
66629;8277
66636;12416
66640;7424
66646;10597
66649;6164
66663;29754
66679;15926
66687;16221
66693;1221
66701;15368
66706;7791
66709;6556
66740;3452
66763;20259
66773;17348
66780;1456
66787;17942
66793;13358
66798;95
66802;11686
66806;6555
66809;9316
66822;19527
66839;16455
66849;8498
66851;9534
66862;2419
66869;6481
66871;7015
66877;7647
66879;7665
66882;3888
66885;368
66887;8359
66892;7644
66894;6644
66901;562
66903;4598
66904;2658
66907;1705
66909;7428
66914;5191
66916;28
66917;1528
66919;6433
66953;14555
66954;10417
66955;1601
66957;7865
66969;3955
66976;7182
66978;4641
66981;2949
66987;347
66989;4697
66994;4482
66996;4721
66999;157
67059;14307
67061;18014
67063;32492
67065;20596
67067;21658
67069;22447
67071;27999
67098;18321
67105;18771
67112;12411
67117;10779
67122;7701
67125;6772
67126;3032
67127;2855
67133;6999
67134;3064
67136;2588
67141;6945
67146;3724
67147;83
67149;3377
67150;2365
67152;1469
67157;4685
67158;2275
67159;1466
67161;1499
67165;5314
67166;3287
67167;1318
67169;1162
67227;46574
67229;3698
67240;9829
67245;6368
67246;2966
67251;5064
67256;4238
67258;3014
67259;6452
67269;12861
67271;4133
67273;3709
67278;2126
67280;203
67281;2274
67283;2664
67292;7827
67294;5684
67295;244
67297;1655
67304;11334
67305;1832
67307;3751
67308;6516
67310;3041
67311;827
67316;3466
67317;1789
67319;1636
67346;49582
67354;9372
67360;5551
67361;1093
67363;3279
67365;2918
67366;1637
67368;1749
67373;574
67374;2398
67376;3021
67377;1467
67378;2176
67433;22488
67434;14649
67435;15145
67454;19807
67459;1018
67466;4131
67468;2643
67471;2492
67472;1301
67473;973
67475;1806
67480;6602
67482;3348
67483;3153
67487;6029
67489;2051
67547;2265
67549;27306
67550;11689
67551;17567
67574;8664
67575;3346
67577;2621
67578;2949
67580;2153
67582;1504
67583;3745
67585;936
67586;645
67587;32
67590;2521
67591;4645
67592;2981
67593;349
67595;1818
67596;2433
67598;1624
67599;912
67655;21646
67657;19166
67659;2142
67661;10988
67663;2316
67677;6854
67678;3785
67680;836
67681;1623
67685;6876
67686;1986
67688;3127
67691;4539
67693;1181
67697;5156
67699;1272
67700;1997
67701;869
67705;4257
67706;1196
67707;1428
67714;491
67715;854
67716;2102
67718;777
67722;476
67724;2033
67725;1367
67727;935
67728;1204
67729;1146
67731;3887
67732;786
67734;2144
67735;1113
67737;14
67742;3373
67744;3505
67745;455
67746;518
67748;883
67749;1305
67752;2681
67753;2565
67754;418
67756;553
67757;783
67759;735
67806;6497
67808;4532
67811;548
67813;841
67814;1141
67816;1197
67817;909
67819;1058
67821;193
67822;3452
67823;1881
67824;1635
67826;794
67827;939
67829;848
68159;15642
68161;12183
68163;22041
68165;1809
68167;22711
68169;25697
68199;25912
68219;22843
68229;5285
68239;15027
68259;21672
68305;28397
68307;24967
68309;29639
68519;32608
68526;11317
68535;13678
68542;11124
68549;8476
68623;31102
68642;15188
68647;8862
68649;3714
68723;41978
68753;20043
68766;20773
68775;12604
68782;13776
68789;12633
68794;9487
68799;7174
68804;534
68809;654
69115;219
69117;11052
69118;13468
69120;15981
69121;16725
69123;18293
69124;17066
69126;32296
69151;12911
69168;24728
69181;25275
69190;14349
69198;14674
69207;14361
69214;14713
69221;11824
69226;105
69231;7985
69234;8911
69239;3804
69242;8218
69245;6462
69250;447
69251;2336
69253;2709
69254;3441
69256;3942
69257;2988
69259;319
69412;14066
69427;4919
69429;4926
69434;4185
69436;2906
69437;2346
69439;713
69469;42952
69483;10703
69488;10127
69493;9066
69502;11927
69509;9897
69514;6082
69517;4106
69518;2455
70173;1166
70174;5314
70176;15739
70178;10933
70180;15149
70182;8656
70184;10041
70186;12688
70188;15655
70190;1671
70191;1529
70192;7944
70193;14449
70195;13092
70197;158
70199;16111
70327;24947
70329;17353
70372;20128
70374;24823
70376;25718
70378;22061
70435;206
70437;2116
70439;13762
70469;27255
70499;31452
70563;1807
70565;20257
70567;1952
70569;19584
70597;20364
70599;19589
70619;24403
70629;8
70734;17828
70736;25793
70771;36404
70794;43869
70806;31023
70825;18552
70839;18642
71032;1989
71034;25011
71063;12269
71065;15542
71067;16217
71069;16506
71083;29947
71088;1216
71093;9698
71101;9604
71106;8921
71111;8408
71116;11525
71120;6398
71126;9102
71131;7462
71134;8731
71139;782
71144;6044
71149;5716
71154;539
71155;4543
71157;3528
71159;3607
71229;44608
71254;23987
71263;18327
71272;16749
71277;9766
71282;7293
71287;7372
71292;3674
71296;4935
71297;2644
71299;2629
71332;17608
71334;19152
71336;14773
71364;27002
71384;2601
71394;14753
71397;10705
71404;9858
71409;929
71522;34263
71540;13614
71543;6635
71546;8013
71549;6871
71554;7009
71560;5188
71563;4483
71566;4131
71570;4068
71573;4595
71576;3419
71577;2401
71579;2087
71634;1801
71636;1487
71638;19523
71640;16001
71642;1768
71665;2789
71672;15253
71679;12786
71686;23086
71691;15552
71696;1055
71701;11001
71706;14392
71711;18109
71717;6006
71720;7847
71723;8058
71726;5869
71729;4749
71732;12037
71735;6537
71737;3586
71739;3219
72070;2223
72072;24633
72074;17761
72076;17919
72108;40898
72116;19392
72119;11114
72124;9298
72127;8086
72131;4462
72135;5396
72138;5511
72141;4778
72144;5551
72145;2978
72147;4152
72149;3395
72160;24829
72172;11853
72175;6141
72178;5769
72181;4326
72184;5506
72186;3884
72189;4214
72202;21116
72213;10273
72218;9782
72221;5632
72224;4714
72226;2086
72227;1956
72229;1899
72250;22197
72270;14608
72275;6467
72280;7916
72285;7083
72290;7486
72293;2412
72294;655
72296;2632
72297;2225
72299;236
72336;33366
72348;6406
72351;5973
72355;4644
72356;406
72358;1046
72359;1817
72361;468
72362;184
72364;1452
72365;763
72367;607
72369;474
72379;18587
72393;12291
72401;10592
72406;9126
72411;559
72414;5145
72415;2142
72417;1416
72419;1887
72458;18177
72459;6923
72461;19315
72469;10089
72474;6481
72475;3673
72477;162
72479;2574
72488;15189
72501;6318
72505;5017
72510;493
72511;2773
72513;1833
72514;2805
72516;2514
72517;3626
72519;2255
72525;14026
72531;3719
72532;2258
72534;2124
72535;2716
72537;1334
72539;1533
72555;20815
72574;11758
72581;9135
72582;155
72584;2805
72585;4185
72587;3958
72589;2888
72622;39264
72631;9547
72636;858
72639;6086
72644;5326
72649;618
72654;6206
72655;1477
72657;1904
72658;3388
72660;3348
72661;2621
72663;4189
72664;2283
72666;3734
72667;18
72669;4534
72760;19455
72762;23067
72764;14588
72766;17479
72768;141
72770;20856
72793;17665
72800;10545
72805;889
72810;859
72813;5153
72818;6355
72820;7021
72827;5092
72829;5228
73033;20327
73035;19575
73037;15159
73054;197
73061;14886
73066;13765
73072;10832
73079;9584
73084;7677
73087;5028
73092;5092
73095;4254
73098;5245
73099;1972
73101;1252
73102;1905
73104;1741
73105;2097
73107;2152
73108;1444
73110;2919
73111;262
73113;2364
73114;1733
73116;3927
73117;3118
73119;3021
73207;13508
73230;38734
73235;9572
73240;15649
73249;11803
73252;7959
73257;9424
73262;7876
73265;5705
73266;3445
73268;213
73269;4612
73271;2085
73272;1801
73274;3606
73275;1707
73277;3426
73278;3772
73312;26089
73326;5283
73329;5545
73333;438
73337;3824
73340;3891
73342;3545
73344;2065
73345;1153
73347;984
73349;207
73430;117
73431;14512
73432;10698
73433;13654
73434;15794
73441;11951
73447;7735
73450;7908
73453;7337
73457;6347
73460;5872
73463;5845
73466;47
73467;189
73469;2202
73479;23714
73485;4517
73486;1797
73488;1663
73489;2352
73491;3116
73492;3356
73494;2673
73495;1931
73497;1852
73499;1359
73525;20533
73527;19935
73529;18759
73540;9679
73547;10627
73550;7083
73553;7214
73557;6484
73560;4575
73563;4183
73565;3297
73566;2109
73568;2891
73569;2228
73571;2448
73572;1862
73574;2536
73575;2062
73577;1848
73579;2363
73614;3834
73630;13385
73635;11151
73642;11011
73650;765
73655;9314
73660;8631
73663;5921
73666;5603
73667;2435
73669;2423
73728;16412
73730;18366
73732;18269
73733;15204
73734;18538
73760;35951
73765;11177
73770;10329
73773;7451
73776;5774
73779;6437
74072;1608
74074;21676
74076;16447
74078;23308
74080;20862
74081;17665
74172;25559
74177;18091
74182;13377
74189;11163
74193;1082
74196;9584
74199;7896
74206;6766
74211;10845
74214;5629
74219;7783
74223;6454
74226;7567
74229;591
74232;4421
74235;4905
74238;4618
74239;3955
74243;366
74245;312
74246;3125
74248;336
74249;1627
74251;2212
74252;3389
74254;2657
74255;1372
74257;4071
74259;1821
74321;41471
74336;14968
74343;17208
74348;10846
74354;11743
74357;713
74360;8668
74363;6042
74366;5191
74369;5486
74372;5295
74374;3902
74376;3904
74379;6039
74382;3435
74385;6227
74388;483
74389;267
74391;2674
74392;2362
74394;2296
74395;3208
74397;2309
74399;3027
74405;12026
74417;4931
74420;3656
74423;4701
74424;3037
74426;2109
74427;2853
74429;2552
74523;3671
74532;6259
74535;575
74538;5091
74541;4129
74542;2377
74544;338
74545;3683
74547;2981
74549;2044
74564;32295
74572;5161
74575;5819
74579;4513
74582;4239
74585;5282
74586;4764
74589;5216
74592;4104
74594;3757
74595;1745
74597;2924
74599;3566
74613;22513
74626;12032
74629;8969
74632;6194
74635;5764
74638;2893
74639;164
74653;2022
74670;49
74673;3739
74676;3883
74677;2419
74679;2084
74706;6378
74722;17773
74731;1132
74736;691
74740;4931
74743;42
74744;2221
74746;3091
74747;2917
74749;209
74821;23133
74831;7155
74834;5927
74838;4486
74842;5746
74847;5173
74850;4028
74855;486
74858;4836
74861;5075
74862;1365
74864;2799
74865;1541
74867;1823
74869;2948
74889;34612
74906;20039
74909;5069
74912;5416
74915;5662
74918;4854
74921;3772
74924;387
74925;2506
74927;2559
74928;2034
74930;2373
74931;2347
74933;1828
74934;2027
74936;1627
74937;1769
74939;2176
75015;27528
75031;20765
75038;10338
75045;9177
75050;4942
75053;3365
75056;4596
75057;2246
75059;1661
75172;13892
75173;12624
75175;18837
75177;17249
75179;13091
75180;13266
75181;25574
75196;11602
75203;9742
75210;9087
75217;10194
75223;11767
75228;5901
75233;5077
75236;6352
75239;4518
75242;5225
75245;656
75248;3392
75249;2977
75305;7417
75323;9668
75328;7835
75331;4242
75334;10655
75335;2143
75337;1203
75339;1619
75365;22073
75378;8693
75382;7781
75385;2987
75387;5526
75389;3123
75391;3627
75392;3209
75394;2772
75395;2428
75397;2909
75399;227
75417;247
75428;723
75433;6381
75438;7709
75443;4728
75446;6316
75447;2763
75449;2972
76131;27382
76133;22021
76135;19896
76137;31758
76139;19678
76149;2394
76185;29857
76187;18005
76189;25461
76199;16611
76227;29179
76228;15947
76229;9607
76275;38652
76287;1985
76297;2307
76307;15639
76316;14214
76327;17633
76332;7158
76337;11786
76344;15602
76351;11558
76356;9881
76359;4999
76437;46713
76448;11898
76456;7719
76461;6169
76467;6081
76470;4471
76473;4737
76474;3308
76476;3
76477;3233
76479;2922
76530;15956
76532;21942
76534;14465
76547;10787
76549;4905
76571;28672
76593;13755
76596;5017
76597;2529
76599;2541
76646;42131
76661;12216
76669;12168
76676;11556
76684;12518
76689;9906
76694;7717
76698;12777
76703;14424
76706;6453
76707;5491
76709;5529
76726;19792
76744;17507
76751;6937
76756;8389
76761;7788
76764;4835
76767;5295
76768;2043
76770;2884
76771;2435
76773;1925
76774;2629
76776;257
76777;1808
76779;668
76829;44445
76831;9067
76833;3763
76835;5079
76846;4028
76848;3307
76855;7043
76857;9715
76863;10848
76865;3653
76870;8489
76872;696
76877;6026
76879;8893
76887;811
76889;15115
76891;5592
77652;17351
77654;20717
77656;19196
77694;33553
77704;19853
77709;8542
77716;10372
77723;10574
77728;4734
77731;9131
77736;7993
77740;2663
77743;9396
77746;7131
77749;7848
77756;5848
77761;3925
77767;9742
77770;3767
77773;1844
77776;2263
77781;35
77784;2495
77787;1935
77790;3993
77791;2371
77793;2238
77794;1885
77796;1661
77797;319
77799;3294
77815;28541
77830;7968
77833;5928
77836;6673
77839;4972
77855;24535
77866;11192
77871;7278
77876;5767
77880;5366
77883;323
77886;3826
77887;2341
77889;1414
77933;42549
77948;12574
77955;12028
77960;4957
77963;6759
77966;4763
77971;5339
77972;4621
77974;3752
77975;2216
77977;3711
77978;3242
78048;14323
78050;14612
78052;17568
78054;19203
78056;14548
78073;12315
78078;5825
78083;3581
78086;5025
78087;3024
78089;2363
78098;4787
78112;12969
78120;9247
78126;5895
78132;4273
78136;4065
78141;2306
78144;3632
78147;3904
78148;1183
78166;2134
78176;9981
78183;7436
78187;5991
78194;5581
78199;5923
78224;44642
78234;9973
78239;11471
78244;10148
78247;8186
78250;4577
78253;366
78256;4563
78259;3631
78262;2781
78266;1334
78267;2179
78269;2888
78315;29569
78333;16077
78337;3509
78343;3195
78345;3177
78351;42
78354;2035
78355;1998
78357;2285
78359;3195
78462;1725
78464;19406
78465;10033
78467;31068
78476;6914
78479;5101
78532;33252
78549;12275
78554;7374
78559;3869
78564;4082
78567;3108
78570;3503
78573;3807
78576;4507
78579;3858
78580;457
78582;1146
78583;1474
78585;1159
78586;1743
78588;2522
78589;164
78591;926
78592;641
78594;698
78595;754
78597;738
78598;568
78600;1255
78601;741
78603;733
78604;265
78606;2336
78607;1195
78609;2858
78628;244
78647;15053
78652;5983
78655;5951
78658;581
78661;3921
78662;3422
78664;2087
78665;2071
78667;3249
78669;3043
78713;17445
78727;13809
78730;2967
78733;4055
78736;3322
78737;3124
78739;252
79098;8288
79100;19365
79102;16742
79104;1757
79106;21
79108;15509
79110;22057
79111;21381
79112;1247
79114;21091
79115;15956
79117;18272
79183;208
79189;17817
79194;1208
79199;9705
79206;14001
79211;13241
79215;8849
79219;7355
79224;5211
79227;5969
79232;8623
79235;5721
79238;7174
79241;5849
79244;5056
79249;4785
79252;4461
79254;2882
79256;3121
79258;4611
79261;4284
79263;2999
79268;5329
79271;2625
79274;1825
79276;3005
79279;29
79280;1394
79282;2302
79283;2254
79285;2732
79286;3049
79288;2626
79289;1006
79291;2557
79292;2507
79294;1214
79295;2641
79297;2848
79299;1411
79312;26108
79331;11292
79336;1
79341;9315
79346;909
79348;4209
79350;3254
79353;3919
79356;3272
79359;3641
79361;3283
79362;134
79364;3018
79365;3522
79367;2082
79369;3601
79379;18072
79395;11629
79400;804
79410;3785
79415;3848
79418;5332
79423;5848
79424;2518
79426;3822
79427;2335
79429;1496
79539;20379
79540;14224
79541;12985
79576;2861
79585;9678
79588;8205
79589;2911
79591;25
79592;692
79594;2486
79595;162
79597;737
79599;972
79618;31733
79639;13749
79650;18598
79664;12594
79669;6011
79674;4788
79677;4354
79682;1902
79685;869
79686;1119
79688;2349
79689;4145
79692;2932
79694;636
79695;568
79713;16221
79725;85
79730;6765
79733;4284
79736;3821
79737;2684
79739;2426
79761;2216
79771;7421
79774;724
79777;5208
79780;5122
79787;7512
79790;5289
79793;647
79798;4896
79801;3683
79802;1105
79804;2343
79805;166
79807;2102
79809;312
79822;11541
79837;5386
79843;759
79848;6774
79853;4872
79856;254
79859;2411
79862;2454
79865;2198
79868;1745
79871;2129
79872;1893
79874;1647
79875;1366
79877;1954
79879;1221
80331;4741
80333;11269
80335;9042
80336;8112
80337;15271
80339;26482
80469;2396
80538;11009
80539;3206
80634;18599
80636;22701
80637;20445
80638;9589
80639;19417
80686;19915
80687;21577
80689;28077
80796;15424
80797;17166
80798;12747
80799;13557
80801;9242
80802;9333
80803;9404
80804;14468
80805;17606
80807;25489
80809;21134
80933;18237
80935;12804
80937;20995
80939;2564
80992;20834
80993;16207
80995;24081
80997;22698
80999;14831
81241;20877
81243;19103
81245;25445
81247;1633
81249;17635
81369;23294
81371;23058
81373;24297
81375;22853
81377;2425
81379;23784
81475;15079
81476;15172
81477;14152
81479;15183
81539;25433
81541;25035
81543;19962
81545;12596
81547;17735
81549;24582
81667;17082
81669;16903
81671;1795
81673;22612
81675;1177
81677;13175
81679;9142
81735;23739
81737;28379
81739;23019
81825;26239
81827;22488
81829;20707
81925;16377
81927;22877
81929;1478
82008;22088
82024;17501
82031;10663
82041;12364
82049;8701
82054;7135
82057;3563
82061;8336
82064;3213
82065;2811
82067;2097
82069;3156
82110;377
82131;19296
82140;24797
82152;16755
82166;12708
82178;19707
82194;18994
82205;17062
82211;10008
82216;12716
82223;1151
82229;7065
82234;5123
82237;477
82239;353
82256;33366
82266;4294
82269;5442
82272;3841
82275;6148
82276;1571
82278;1796
82279;1648
82281;3212
82284;3624
82285;1381
82287;149
82288;1587
82290;1431
82291;457
82293;1651
82294;1586
82296;1844
82297;892
82299;3579
82319;22163
82327;9179
82335;7971
82340;4248
82343;5402
82346;3286
82347;2122
82349;816
82362;21179
82377;16011
82380;12465
82383;378
82386;4607
82387;1188
82389;1663
82390;1336
82392;1085
82393;2489
82395;149
82396;2261
82398;3252
82399;2185
82401;176
82402;3008
82404;1069
82405;2129
82407;3069
82409;126
82418;15219
82431;3448
82432;505
82433;2359
82435;1116
82436;96
82438;1528
82439;1448
82441;317
82442;1613
82444;1191
82445;602
82447;413
82449;2937
82467;2556
82475;
82481;7349
82487;5156
82488;745
82490;3692
82491;3436
82493;372
82494;151
82496;3041
82497;1495
82499;1384
82515;17173
82538;2304
82541;4117
82544;5289
82547;4176
82549;2973
83022;18749
83024;16249
83026;24356
83043;17038
83052;15732
83059;17677
83064;11053
83071;9848
83075;7549
83080;4872
83083;5446
83088;6446
83093;7906
83098;5626
83101;5412
83104;6891
83109;6942
83112;2921
83115;4254
83119;3975
83122;2605
83123;3545
83125;2784
83126;286
83128;2627
83129;122
83131;2595
83132;1647
83134;2554
83135;4536
83137;1261
83139;2598
83209;9894
83224;7437
83229;5449
83233;6629
83236;4851
83242;2372
83246;345
83250;3172
83253;3729
83254;1553
83256;244
83257;1153
83259;1663
83278;18705
83301;15121
83308;11229
83313;81
83317;8259
83324;6411
83329;6463
83334;4498
83339;4678
83342;5502
83346;4786
83349;3393
83352;4231
83355;4183
83358;1215
83361;1375
83362;3115
83364;936
83365;2444
83367;2294
83368;144
83370;1761
83371;137
83373;1946
83374;2012
83376;156
83377;1843
83379;1472
83395;15796
83404;9536
83410;6829
83413;4121
83416;5253
83417;3117
83435;16853
83451;5156
83454;4307
83457;2868
83458;1351
83471;12968
83483;7421
83486;1734
83487;1721
83512;12154
83527;7636
83530;3517
83533;4199
83536;2155
83539;3854
83543;3669
83544;1654
83546;326
83547;2902
83549;2883
83550;1451
83553;1446
83555;838
83556;2553
83558;1907
83559;42
83561;1338
83562;1807
83564;2707
83567;1699
83569;3042
83607;15386
83620;10283
83623;5268
83624;442
83626;2935
83627;3663
83629;3287
83646;20881
83661;9623
83666;5496
83670;3693
83671;3512
83673;208
83674;3
83676;851
83677;3661
83679;1284
83684;3658
83700;6922
83703;5761
83707;4502
83708;2054
83714;11022
83727;6675
83730;5525
83734;8027
83735;1475
83737;3027
84028;11866
84030;14805
84032;20551
84034;21661
84036;22204
84048;14027
84051;11118
84056;7653
84061;7404
84066;6369
84069;7339
84072;5588
84076;4704
84079;5106
84082;3359
84085;5254
84088;3815
84089;1662
84091;135
84092;1737
84094;1996
84095;3407
84097;1181
84098;3848
84100;3636
84101;1714
84103;1626
84104;326
84106;1678
84107;2443
84109;244
84130;17839
84137;11152
84140;6463
84144;6476
84149;6467
84152;5861
84155;5268
84160;4428
84163;3579
84164;4692
84166;383
84168;1932
84169;2065
84171;794
84172;3475
84174;3737
84175;2602
84177;2072
84178;1963
84180;3467
84181;1056
84183;2453
84184;3625
84186;2395
84187;1374
84189;1316
84307;1279
84323;4009
84326;4669
84329;3743
84332;3644
84333;1233
84335;2053
84337;1955
84339;209
84347;11696
84359;9643
84364;5522
84367;7911
84371;525
84375;5241
84378;3163
84381;2437
84384;2051
84385;2388
84387;2327
84389;2357
84405;13925
84416;1051
84419;5781
84424;5412
84427;4288
84428;3046
84431;339
84432;1454
84434;957
84435;2701
84437;1644
84439;1193
84453;16849
84478;21345
84489;17504
84494;9278
84503;12449
84508;10028
84513;9996
84518;849
84524;8328
84529;587
84533;6103
84539;7207
84543;4662
84544;3087
84546;123
84547;4049
84549;2612
84550;1186
84552;849
84553;978
84555;705
84556;2672
84558;3209
84559;3904
84561;2236
84562;342
84564;1642
84565;862
84567;2382
84568;2388
84570;3291
84571;2615
84573;953
84574;139
84576;1847
84577;3199
84579;2901
85049;24603
85051;31592
85053;15592
85055;32559
85057;20627
85072;13166
85077;11251
85080;11076
85084;7485
85088;7269
85092;8956
85095;4388
85098;6365
85101;4565
85104;3556
85107;499
85110;553
85111;2802
85113;1616
85114;3486
85116;1104
85117;2769
85119;149
85120;2462
85122;2805
85123;4728
85125;2531
85126;2812
85128;1966
85129;1188
85131;2751
85132;3026
85134;3674
85135;2679
85137;2289
85139;4709
85221;43425
85229;9439
85232;7171
85235;6225
85238;6081
85241;5236
85244;607
85247;6105
85250;7345
85253;5497
85254;1654
85256;4226
85258;3164
85259;899
85276;2514
85283;10756
85290;994
85293;491
85296;5615
85298;4636
85301;4842
85302;329
85304;2356
85305;2923
85307;1718
85309;2028
85354;2463
85356;19966
85368;19096
85375;16734
85376;1672
85386;12786
85391;5094
85395;4936
85399;9209
85402;3969
85405;4912
85406;4456
85408;1382
85410;2777
85411;231
85413;1844
85414;274
85416;387
85417;2956
85419;2787
85435;33535
85445;5351
85447;3385
85452;5403
85456;4747
85457;4363
85459;2556
85461;3537
85462;2376
85464;4157
85465;2608
85467;2393
85469;2033
85521;25265
85540;19238
85551;12388
85560;11091
85567;13948
85570;13988
85579;13535
85586;13182
85591;905
85598;9231
85599;111
85604;8661
85609;7574
85614;9656
85617;4266
85622;6895
85625;6048
85630;6384
85635;985
85640;6143
85643;3893
85646;4706
85649;4739
85652;5087
85653;4637
85656;1421
85658;2175
85659;3241
85661;3437
85662;2957
85664;2878
85665;1449
85667;2207
85669;2538
85716;25871
85737;15504
85748;1569
85757;18045
85764;10757
85774;9827
85777;4501
85778;4919
86150;11783
86152;15591
86153;16091
86154;19318
86156;24335
86157;20873
86159;25819
86161;16533
86163;20144
86165;14192
86167;1472
86169;1595
86179;26354
86199;26077
86316;28664
86343;2697
86356;2107
86368;2075
86381;12441
86391;14427
86399;16363
86405;10787
86415;13276
86420;9701
86424;6516
86438;11053
86441;6078
86444;5248
86447;5631
86450;3791
86453;5351
86456;4485
86459;4105
86462;7265
86465;4518
86470;5941
86473;2941
86476;3079
86477;2166
86479;1164
86480;1808
86482;2895
86483;118
86485;3378
86486;1217
86488;1228
86489;1469
86491;598
86492;2176
86494;1349
86495;1628
86497;2476
86498;1738
86500;246
86502;1539
86504;3056
86505;1979
86507;2781
86508;2427
86510;2921
86511;1233
86513;3269
86514;1101
86517;292
86519;975
86529;15926
86551;20253
86554;628
86556;4032
86558;4414
86559;1574
86561;2689
86562;1229
86564;1603
86565;236
86567;3141
86568;2322
86570;249
86571;1488
86573;1993
86574;1671
86576;1861
86577;1575
86579;2208
86609;18041
86633;27766
86637;12607
86641;8366
86643;4779
86647;5686
86650;5654
86653;5713
86655;5434
86657;3561
86660;395
86663;4242
86666;4513
86668;5146
86669;4406
86672;3869
86673;1871
86674;1125
86675;1649
86676;3657
86678;99
86679;1014
86681;1327
86682;1162
86684;1131
86685;1584
86687;388
86688;2562
86690;3755
86692;1099
86694;1346
86695;3057
86697;2607
86698;2356
86700;754
86701;1502
86703;644
86704;1051
86706;2286
86707;2345
86709;1087
86720;19063
86732;5085
86733;1651
86735;1416
86736;1031
86738;1946
86739;1086
86741;818
86742;2077
86744;1466
86745;604
86747;1222
86748;1318
86750;858
86751;1402
86753;2443
86754;1794
86756;134
86757;3281
86759;1425
86807;11983
86825;13993
86830;13213
86833;3217
86836;13891
86842;6654
86845;4908
86850;455
86853;3742
86854;1443
86856;1451
86857;1641
86859;2447
86860;24
86862;1821
86863;1683
86865;2176
86866;1351
86868;1073
86869;1315
86871;1436
86872;1004
86874;2958
86875;2188
86877;1135
86879;139
86899;27351
86911;1015
86916;10006
86919;4354
86920;2531
86922;1273
86923;1645
86925;3547
86926;2464
86928;1769
86929;361
86931;24
86932;3334
86934;159
86935;1484
86937;1879
86938;3756
86940;895
86941;133
86943;912
86944;1345
86946;2498
86947;373
86949;37
86956;11645
86971;11404
86972;3231
86974;1072
86975;2365
86977;1687
86978;152
86980;94
86981;1025
86983;2586
86984;868
86986;934
86987;129
86989;2725
87435;17517
87437;22293
87439;24377
87448;8876
87452;9979
87459;7968
87463;7798
87466;4404
87471;6753
87474;3919
87477;466
87480;5043
87484;3411
87487;4823
87488;2747
87490;3633
87493;3355
87494;788
87496;1535
87497;2443
87499;2454
87509;13922
87527;23012
87534;7214
87538;5226
87541;4833
87544;57
87545;3172
87547;1376
87549;4224
87561;948
87600;4159
87616;19224
87629;14315
87634;7747
87637;3988
87640;4049
87642;3427
87645;3085
87647;3495
87648;199
87650;1294
87651;165
87653;1316
87654;1504
87656;3681
87657;1287
87659;1106
87660;142
87662;2314
87663;1389
87665;3072
87666;2166
87668;1287
87669;1221
87671;1677
87672;2166
87674;1726
87675;2632
87677;1844
87679;1837
87700;41264
87719;13944
87724;7924
87727;5225
87730;5289
87733;3706
87734;2056
87736;748
87737;1944
87739;2352
87740;3078
87742;2982
87743;1159
87745;1787
87746;2922
87748;108
87749;1281
87751;1706
87752;1218
87754;1785
87755;1303
87757;2547
87758;18
87760;1439
87761;1344
87763;1161
87764;3118
87766;26
87767;1362
87769;1247
87770;941
87772;2414
87773;847
87775;142
87776;2555
87778;1351
87779;171
87781;1006
87782;1376
87784;21
87785;895
87787;1862
87789;1871
88045;20372
88046;17566
88048;19007
88069;18182
88074;13132
88079;8262
88085;7621
88090;6106
88094;4425
88097;4509
88099;2643
88131;27392
88138;7192
88142;3533
88145;4722
88147;1683
88149;1686
88161;10908
88167;7772
88171;6034
88175;4053
88178;3653
88179;1617
88212;15373
88213;15744
88214;17294
88239;26243
88250;22574
88255;1208
88260;6057
88263;489
88267;4506
88271;4712
88273;4407
88276;4112
88279;3907
88281;3646
88284;4061
88285;3115
88287;2983
88289;3072
88299;21813
88316;12986
88317;2701
88319;2495
88326;9522
88339;19417
88348;17404
88353;8572
88356;6762
88361;5159
88364;3474
88367;4139
88368;3155
88370;1204
88371;1689
88373;667
88374;756
88376;654
88377;646
88379;445
88400;30869
88410;14251
88416;12374
88422;8109
88427;836
88430;4439
88433;7728
88436;4253
88437;4422
88441;4129
88444;4373
88447;5023
88448;1774
88450;2646
88451;2286
88453;3165
88454;2114
88456;2693
88457;3444
88459;234
88471;19639
88477;6233
88480;4184
88481;1981
88483;3629
88484;1882
88486;1936
88487;4091
88489;1532
88499;12466
88512;9881
88515;3476
88518;4844
88521;5394
88524;354
88525;2587
88527;2418
88529;2149
88605;10697
88630;12966
88631;705
88633;2932
88634;3183
88636;1992
88637;2844
88639;2667
88662;21526
88677;12767
88682;10896
88690;7809
88693;4113
88696;4198
88697;3827
88699;2882
88709;6819
88718;1545
88719;989
89073;18135
89075;31748
89077;25867
89079;24895
89081;16188
89129;15492
89134;14883
89143;11495
89150;10882
89155;1304
89160;8421
89165;6565
89168;4529
89171;4699
89173;4724
89174;1738
89176;1006
89177;832
89179;2533
89180;1929
89182;209
89183;538
89185;1359
89186;331
89188;1888
89189;806
89191;1849
89192;1263
89194;1343
89195;3098
89197;1287
89198;2195
89231;31705
89233;21024
89250;21544
89257;16598
89264;1312
89269;12934
89275;9122
89278;9257
89281;4939
89284;7056
89287;4468
89290;3729
89291;1765
89293;136
89294;857
89296;845
89297;266
89299;999
89312;19457
89331;9323
89335;8463
89340;6555
89343;6791
89344;1349
89346;4727
89347;1441
89349;3311
89350;1588
89352;1151
89353;1115
89355;1536
89356;1857
89358;3335
89359;3253
89361;681
89362;4134
89364;1621
89365;1064
89367;12
89368;795
89407;18103
89415;10546
89420;657
89423;7733
89426;3636
89428;3557
89429;2245
89431;1303
89434;1741
89435;1656
89437;1582
89438;3782
89440;97
89441;998
89443;1413
89446;1004
89447;759
89518;13551
89520;13098
89522;19466
89537;1897
89542;12804
89547;11615
89551;7066
89555;8505
89558;5469
89561;4378
89564;6172
89567;548
89568;223
89584;25052
89597;5437
89601;688
89604;4348
89605;597
89607;857
89608;1025
89610;2051
89611;1518
89613;1761
89614;226
89616;2065
89617;9
89619;75
90402;631
90403;1025
90408;14165
90409;16251
90411;13619
90419;22775
90425;15508
90427;16118
90429;23375
90431;17861
90439;17878
90441;18123
90443;23317
90449;17617
90451;15458
90453;16088
90455;15975
90459;27318
90461;22778
90469;1353
90471;18605
90473;16909
90475;15149
90478;17061
90480;18393
90482;15283
90489;20602
90491;20304
90513;24785
90518;1508
90522;17067
90530;15676
90537;124
90542;13987
90547;13507
90552;11699
90556;13416
90559;1124
90562;11203
90571;8306
90574;9784
90579;10375
90584;8032
90587;10631
90592;8302
90596;7285
90599;5512
90602;5557
90607;4444
90610;4074
90613;4071
90614;2115
90616;2089
90617;2163
90619;1321
90762;18429
90763;27731
90765;25345
90766;23382
90768;20625
91052;27521
91054;2129
91056;33405
91058;24636
91074;22222
91077;12589
91080;8505
91083;7345
91085;6261
91086;3021
91088;4387
91090;2639
91091;2326
91093;3379
91094;2913
91096;4531
91097;1221
91099;1513
91126;48048
91154;24399
91161;13067
91166;6663
91171;6897
91174;5001
91177;5253
91180;4689
91183;5425
91186;5141
91187;2871
91189;3568
91207;25754
91217;1224
91220;7897
91224;5176
91227;6321
91230;3682
91233;4626
91235;3158
91236;1122
91238;2733
91239;1869
91241;2053
91242;2035
91244;222
91245;3145
91247;1706
91249;1219
91257;13525
91275;8861
91278;5359
91281;3292
91282;2505
91284;2832
91286;2172
91287;1296
91289;995
91301;3033
91315;13142
91320;6915
91322;404
91325;7301
91327;4071
91330;6407
91332;361
91334;5174
91336;4926
91338;4858
91341;4563
91344;3164
91346;2534
91347;1338
91349;1993
91350;1499
91352;3972
91353;3668
91355;1611
91356;226
91358;1367
91359;167
91361;1872
91362;2491
91364;1253
91365;2057
91367;1103
91369;1695
91413;12323
91438;11967
91443;4591
91448;5968
91452;4929
91456;3586
91459;5472
91460;1169
91462;1706
91463;2166
91465;111
91466;2492
91468;1292
91469;1229
91471;954
91472;2116
91474;1018
91475;2011
91477;1854
91478;113
91480;1024
91481;1388
91483;1221
91484;2307
91486;2895
91487;1543
91489;1391
91522;3951
91541;10963
91550;11251
91555;12095
91560;9051
91564;739
91567;7522
91572;5879
91575;6051
91578;5525
91580;4877
91583;3849
91586;3694
91587;972
91589;2794
91590;1316
91592;978
91593;2956
91595;3257
91596;1143
91598;1973
91599;2362
91601;1654
91602;2567
91604;2354
91605;784
91607;1771
91608;1364
91610;1124
91611;3061
91613;1543
91614;1646
91616;2027
91617;1595
91619;2639
91620;628
91622;1236
91623;3179
91625;3544
91626;2828
91628;1234
91629;2831
91631;956
91632;1384
91634;2094
91635;1094
91637;1676
91639;2782
91710;16267
91717;5972
91719;2508
91720;133
91722;2298
91723;1765
91725;2
91726;997
91728;837
91729;2638
91731;2144
91732;2721
91734;158
91735;2198
91737;1578
91738;1484
91740;731
91741;1166
91743;874
91744;1375
91746;2151
91747;1178
91749;1274
91757;12585
91781;17735
91785;7383
91788;4006
91790;4853
91792;3612
91793;985
91795;2748
91796;856
91798;1165
91799;2246
91801;1323
91802;882
91804;1552
91805;1842
91807;1708
91809;2664
92224;41938
92237;19622
92242;5917
92245;9748
92249;602
92253;4276
92256;5003
92259;2631
92260;2137
92262;1799
92263;2434
92265;1886
92266;2234
92268;1385
92269;2374
92271;2618
92272;4174
92274;895
92275;1275
92277;1595
92278;2025
92280;2445
92281;1753
92283;3645
92284;3342
92286;2812
92287;2347
92289;3651
92318;3839
92331;8777
92334;8479
92339;8746
92342;8577
92345;5903
92348;7438
92353;7327
92355;5276
92358;4992
92360;468
92361;2477
92363;3403
92364;4316
92366;2118
92367;2675
92369;2685
92421;27565
92431;8006
92436;4254
92439;4207
92442;5029
92444;3388
92445;1149
92447;1488
92449;1867
92507;6184
92521;6272
92526;4958
92533;5662
92536;5426
92539;2591
92540;963
92542;1013
92543;899
92545;1266
92546;2895
92548;1517
92549;507
92551;1684
92552;1907
92554;1015
92555;982
92557;538
92559;144
92637;42982
92648;7503
92655;6457
92660;5931
92665;5747
92670;5197
92676;5167
92681;5228
92685;3549
92690;4429
92693;2802
92694;1627
92696;1624
92697;1385
92699;2252
92700;795
92702;1216
92703;1535
92705;1263
92706;3392
92708;299
92709;2504
92711;2259
92712;1769
92714;2473
92715;1608
92717;1245
92718;2033
92720;1214
92721;1449
92723;2254
92724;1314
92726;2302
92727;2001
92729;3008
93047;12726
93049;24464
93051;23431
93053;2265
93055;1975
93057;16809
93059;15759
93073;12578
93077;11471
93080;5666
93083;7597
93086;4454
93087;3169
93089;1757
93090;1822
93092;5105
93093;3802
93095;1974
93096;2337
93098;4716
93099;1582
93101;1546
93102;3031
93104;2716
93105;4845
93107;3257
93109;2505
93128;15061
93133;1209
93138;12957
93142;10538
93149;8386
93152;8833
93155;8463
93158;7357
93161;6789
93164;6477
93167;3251
93170;5531
93173;8204
93176;5492
93177;1578
93179;1924
93180;2083
93182;1582
93183;3788
93185;1786
93186;3231
93188;1407
93189;1194
93191;1775
93192;2813
93194;2073
93195;1475
93197;5796
93199;1851
93309;15316
93326;12774
93333;12677
93336;6795
93339;5449
93342;5283
93343;975
93345;2035
93346;4155
93348;879
93349;1621
93351;2189
93352;3244
93354;4657
93356;1597
93358;1786
93359;1318
93413;16528
93426;11267
93437;9044
93444;715
93449;6784
93453;3834
93455;402
93458;3438
93462;2711
93464;2034
93466;2621
93468;2276
93470;1976
93471;1998
93473;1931
93474;2537
93476;1951
93477;865
93479;1527
93480;1957
93482;2264
93483;948
93485;1942
93486;2309
93488;1971
93489;2622
93491;2185
93492;1007
93494;2018
93495;2496
93497;2081
93499;1812
94032;14884
94034;14349
94036;19466
94051;117
94060;14865
94065;1029
94072;6639
94078;69
94081;7724
94086;8364
94089;4323
94094;6092
94099;6978
94104;5419
94107;6147
94110;5603
94113;6643
94116;5899
94118;3369
94121;6512
94124;4065
94127;4212
94130;3729
94133;4478
94136;4063
94137;163
94139;2157
94140;1821
94142;9
94143;2392
94145;1338
94146;254
94148;2086
94149;1957
94151;2313
94152;336
94154;2624
94157;2801
94158;713
94160;1981
94161;306
94163;1952
94164;1397
94166;1417
94167;1692
94169;232
94209;10837
94227;11832
94234;8057
94239;5346
94244;5053
94249;3269
94250;935
94252;985
94253;3194
94255;165
94256;2359
94258;2698
94259;4342
94261;2143
94262;2899
94264;1905
94265;1755
94267;2721
94269;3088
94315;44503
94327;966
94330;5668
94333;6554
94336;4269
94339;4004
94342;4403
94344;3604
94345;1712
94347;1569
94348;166
94350;1014
94351;1819
94353;2207
94354;1718
94356;3657
94357;175
94359;628
94360;2436
94362;1727
94363;2758
94365;3027
94366;632
94368;1558
94369;2728
94371;1773
94372;1467
94374;2769
94375;1415
94377;2919
94379;1528
94405;12527
94419;7488
94424;619
94428;6462
94431;6324
94436;3623
94437;2886
94439;2898
94447;12225
94469;31552
94474;15913
94481;8391
94486;11577
94491;7104
94496;7079
94501;8321
94505;4779
94508;484
94513;3916
94518;3937
94522;6705
94526;4151
94527;2278
94529;241
94530;2071
94532;1395
94533;893
94535;4057
94536;1014
94538;3347
94539;2793
94541;1285
94542;2559
94544;3549
94545;339
94547;2054
94548;1638
94550;3136
94551;2728
94553;141
94554;2165
94556;2266
94557;1805
94559;2501
94560;3258
94562;1172
94563;193
94566;1653
94568;1334
94569;3038
94571;1424
94572;1287
94574;1368
94575;4764
94577;3809
94579;1137
95028;20101
95030;12833
95032;11856
95100;15467
95111;9438
95119;7955
95126;7425
95131;477
95138;3424
95145;5523
95152;4471
95158;344
95163;3361
95168;3274
95173;3447
95176;3326
95179;3001
95180;2319
95182;3998
95183;5473
95185;109
95186;117
95188;1069
95189;2571
95191;1263
95192;1114
95194;2463
95195;2271
95197;2064
95199;1199
95213;10548
95233;8892
95234;1695
95236;2435
95237;1229
95239;2098
95326;26709
95336;6553
95339;489
95346;3234
95349;4348
95352;3365
95355;1945
95356;953
95358;544
95359;2537
95361;161
95362;1042
95364;1004
95365;1032
95367;1658
95369;1856
95444;11482
95445;19542
95447;16562
95448;23245
95460;4304
95463;7264
95466;745
95469;5967
95473;6787
95478;5302
95482;4569
95485;2229
95488;5122
95490;38
95491;2261
95493;196
95494;1292
95496;138
95497;361
95499;1008
95500;372
95502;3457
95503;2386
95505;1879
95506;1417
95508;2344
95509;1452
95511;162
95512;3902
95514;1219
95515;887
95517;2355
95519;1933
95615;17373
95632;96
95643;9171
95652;6946
95659;5468
95666;7968
95671;332
95676;414
95679;4434
95680;1124
95682;1196
95683;1337
95685;974
95686;1937
95688;1287
95689;1671
95691;1474
95692;1888
95694;1405
95695;1849
95697;1843
95698;1427
95700;194
95701;1397
95703;3354
95704;1809
95706;1327
95707;1912
95709;247
96047;10778
96049;20581
96050;17628
96052;21664
96103;8519
96106;7262
96110;7138
96114;1162
96117;8798
96120;6005
96123;6021
96126;4137
96129;7741
96132;5626
96135;674
96138;6516
96142;5235
96145;4073
96146;1962
96148;4008
96149;4499
96151;1054
96152;2465
96154;1313
96155;3442
96157;1876
96158;4878
96160;2391
96161;96
96163;3277
96164;256
96166;1395
96167;1349
96169;1156
96170;3321
96172;1666
96173;4509
96175;1967
96176;1514
96178;2886
96179;4531
96181;3035
96182;2019
96184;1554
96185;1933
96187;1272
96188;1171
96190;1717
96191;3524
96193;2118
96194;2554
96196;697
96197;1182
96199;4948
96215;20239
96224;6624
96231;10302
96237;6032
96242;496
96247;6496
96250;5577
96253;413
96257;469
96260;4724
96264;5451
96268;2869
96269;2597
96271;299
96272;1678
96274;23
96275;1612
96277;1118
96279;3154
96317;17277
96328;7907
96332;4038
96337;3567
96342;5148
96346;2908
96349;3589
96352;389
96355;2276
96358;285
96361;3321
96364;385
96365;1847
96367;565
96369;3036
96450;41127
96465;15462
96472;13309
96476;6348
96479;5004
96482;4282
96484;3826
96486;4098
96487;3685
96489;1583
96515;24264
96523;4192
96524;9258
96528;995
97070;12029
97072;1684
97074;1713
97076;10979
97078;12275
97080;14291
97082;17362
97084;23475
97199;11067
97204;9013
97209;9692
97215;8179
97218;613
97222;7594
97225;6406
97228;5387
97230;4809
97232;5175
97234;4008
97236;3307
97237;2031
97239;1529
97241;4581
97243;972
97244;1289
97246;2787
97247;1282
97249;3436
97250;168
97252;1287
97253;2495
97255;1629
97256;1268
97258;3385
97259;159
97261;4304
97262;2403
97264;2609
97265;3725
97267;1632
97268;2152
97270;2472
97271;2052
97273;4469
97274;3107
97276;3163
97277;2207
97279;1175
97280;1508
97282;1587
97283;766
97285;259
97286;3131
97288;2374
97289;1359
97291;2593
97292;2836
97294;2788
97295;2605
97297;485
97299;43
97318;21501
97320;8122
97332;8653
97334;2359
97337;6931
97340;5433
97342;4639
97346;4487
97348;4523
97350;2277
97353;4746
97355;5081
97357;3165
97359;3541
97421;16361
97422;20799
97424;14999
97437;13047
97440;10304
97447;7716
97450;8169
97453;7727
97456;7104
97461;5124
97464;7954
97469;6261
97475;5653
97478;6386
97483;5297
97486;3708
97488;4159
97490;4194
97491;1802
97493;511
97494;948
97496;1419
97497;129
97499;1939
97500;3758
97502;3002
97503;1236
97505;2476
97506;3408
97508;4124
97509;5409
97511;805
97513;1143
97514;4003
97516;1405
97517;1175
97519;175
97520;459
97522;3095
97523;1894
97525;3898
97526;4054
97528;1126
97529;1983
97531;2701
97532;3892
97534;2857
97535;3436
97537;1096
97539;1939
97616;17486
97618;13591
97631;5944
97633;9067
97638;5667
97640;3703
97645;343
97647;3373
97650;2214
97653;4878
97654;2161
97656;2793
97657;2606
97659;1283
97688;21005
97702;7953
97705;7721
97708;4486
97711;5713
97714;4992
97717;3341
97720;4071
97723;5063
97724;1658
97725;2924
97727;1806
97729;1161
97737;10505
97753;1494
97762;11279
97769;6505
97772;3119
97773;103
97775;2526
97776;3222
97778;866
97779;932
97780;1267
97782;1434
97783;1794
97785;858
97786;1761
97788;869
97789;2057
97791;995
97792;1002
97794;2069
97795;1756
97797;2177
97799;2138
97816;15296
97828;10823
97833;4577
97834;2143
97836;1855
97837;2438
97839;1971
97840;1914
97842;142
97843;1206
97845;1246
97846;2855
97848;103
97849;1014
97851;1005
97852;922
97854;223
97855;4275
97857;1376
97859;1382
97877;22576
97892;3832
97896;4236
97900;5368
97901;1295
97903;2049
97904;1814
97906;2672
97907;1417
97909;156
97922;14547
97941;12822
97944;6753
97947;3678
97950;4006
97953;3093
97956;3417
97957;1686
97959;2092
97980;22061
97990;7356
97993;4779
97996;4947
97999;5589
98527;17125
98528;9442
98529;12753
98530;3138
98544;1365
98547;2914
98553;11956
98559;1561
98574;20172
98587;1048
98590;3983
98593;6326
98596;6568
98597;7114
98617;34579
98630;7251
98631;5938
98634;9105
98639;893
98646;1574
98660;5137
98663;5123
98666;304
98667;2454
98669;2946
98673;11529
98693;33512
98694;7028
98701;7062
98716;1214
98724;13309
98743;2241
98744;6415
98746;2064
99084;21841
99085;16748
99086;15256
99087;7618
99089;23065
99090;5299
99091;15606
99092;1805
99094;10022
99095;5111
99096;15931
99097;16273
99098;8176
99099;21967
99100;5503
99102;1585
99189;9423
99192;6486
99195;7024
99198;1804
99310;29261
99326;885
99330;4988
99331;4523
99334;9064
99338;2475
99423;22714
99425;17701
99427;16856
99428;1202
99438;9065
99439;8569
99441;6471
99444;6493
99448;443
99510;29546
99518;10489
99610;21561
99625;8107
99628;6985
99631;4525
99634;4568
99636;3296
99638;3104
99706;22583
99707;4281
99713;7166
99718;97
99734;42719
99735;4528
99752;12237
99755;8099
99759;4843
99765;7059
99768;7881
99817;4178
99819;1609
99820;6372
99826;3283
99830;655
99831;5004
99834;9673
99837;6749
99842;5994
99846;2112
99848;6348
99867;44346
99869;24234
99880;17879
99885;11251
99887;8395
99891;4031
99894;7288
99897;4067
99947;20644
99955;8812
99958;3779
99974;35948
99976;11009
99986;5661
99988;4866
99991;5269
99994;6384
99996;1995
99998;4942
