iteration,teacher,school,cost,dist,pref_school_size_unsatisfied,pref_urban_rural_unsatisfied
1.0,0.0,25.0,32.15506236418767,32.15506236418767,0.0,0.0
1.0,1.0,23.0,34.074821747362556,34.074821747362556,0.0,0.0
1.0,2.0,52.0,31.592944267364327,31.592944267364327,0.0,0.0
1.0,3.0,1.0,33.19839131823666,23.19839131823666,1.0,0.0
1.0,4.0,28.0,26.696359560739875,26.696359560739875,0.0,0.0
1.0,5.0,44.0,28.788855907576533,28.788855907576533,0.0,0.0
1.0,6.0,56.0,31.11883409001928,21.11883409001928,1.0,0.0
1.0,7.0,12.0,35.059149925815355,35.059149925815355,0.0,0.0
1.0,8.0,41.0,9.262379755693562,9.262379755693562,0.0,0.0
1.0,9.0,38.0,11.832316452828968,11.832316452828968,0.0,0.0
1.0,10.0,19.0,17.85752638335582,17.85752638335582,0.0,0.0
1.0,11.0,41.0,19.262379755693562,9.262379755693562,0.0,1.0
1.0,12.0,2.0,13.903315913309353,13.903315913309353,0.0,0.0
1.0,13.0,2.0,23.903315913309353,13.903315913309353,1.0,0.0
1.0,14.0,4.0,4.760680691183555,4.760680691183555,0.0,0.0
1.0,15.0,51.0,27.736005627747392,27.736005627747392,0.0,0.0
1.0,16.0,6.0,19.893801782521813,9.89380178252181,1.0,0.0
1.0,17.0,33.0,32.55683050677395,32.55683050677395,0.0,0.0
1.0,18.0,30.0,34.704010822770144,34.704010822770144,0.0,0.0
1.0,19.0,2.0,23.903315913309353,13.903315913309353,0.0,1.0
1.0,20.0,4.0,19.668611651107266,19.668611651107266,0.0,0.0
1.0,21.0,17.0,20.36648242941785,20.36648242941785,0.0,0.0
1.0,22.0,2.0,23.903315913309353,13.903315913309353,1.0,0.0
1.0,23.0,45.0,17.28058673211447,17.28058673211447,0.0,0.0
1.0,24.0,31.0,22.843161981605675,12.843161981605673,1.0,0.0
1.0,25.0,52.0,31.592944267364327,31.592944267364327,0.0,0.0
1.0,26.0,25.0,32.15506236418767,32.15506236418767,0.0,0.0
1.0,27.0,55.0,66.52941744398477,66.52941744398477,0.0,0.0
1.0,28.0,54.0,23.263568495070054,23.263568495070054,0.0,0.0
1.0,29.0,13.0,41.43678466558735,41.43678466558735,0.0,0.0
1.0,30.0,24.0,31.970514743327943,31.970514743327943,0.0,0.0
1.0,31.0,51.0,27.736005627747392,27.736005627747392,0.0,0.0
1.0,32.0,41.0,19.262379755693562,9.262379755693562,0.0,1.0
1.0,33.0,36.0,15.45003298558618,15.45003298558618,0.0,0.0
1.0,34.0,21.0,51.11034623551974,51.11034623551974,0.0,0.0
1.0,35.0,48.0,50.84642899459502,50.84642899459502,0.0,0.0
1.0,36.0,37.0,17.89163552010487,7.891635520104872,0.0,1.0
1.0,37.0,48.0,22.913355653032355,12.913355653032355,1.0,0.0
1.0,38.0,21.0,13.240130791838961,13.240130791838961,0.0,0.0
1.0,39.0,51.0,27.736005627747392,27.736005627747392,0.0,0.0
1.0,40.0,9.0,11.832316452828968,11.832316452828968,0.0,0.0
1.0,41.0,44.0,28.788855907576533,28.788855907576533,0.0,0.0
1.0,42.0,53.0,29.992430154366733,29.992430154366733,0.0,0.0
1.0,43.0,56.0,50.57148177095478,50.57148177095478,0.0,0.0
1.0,44.0,37.0,17.89163552010487,7.891635520104872,0.0,1.0
1.0,45.0,1.0,33.19839131823666,23.19839131823666,1.0,0.0
1.0,46.0,55.0,66.52941744398477,66.52941744398477,0.0,0.0
1.0,47.0,39.0,7.6668690873668615,7.6668690873668615,0.0,0.0
1.0,48.0,46.0,28.463957964431945,28.463957964431945,0.0,0.0
1.0,49.0,23.0,34.074821747362556,34.074821747362556,0.0,0.0
1.0,50.0,19.0,67.55513797456669,67.55513797456669,0.0,0.0
1.0,51.0,23.0,34.074821747362556,34.074821747362556,0.0,0.0
1.0,52.0,56.0,21.11883409001928,21.11883409001928,0.0,0.0
1.0,53.0,30.0,44.704010822770144,34.704010822770144,1.0,0.0
1.0,54.0,6.0,19.893801782521813,9.89380178252181,1.0,0.0
1.0,55.0,36.0,15.45003298558618,15.45003298558618,0.0,0.0
1.0,56.0,57.0,21.449100574135826,21.449100574135826,0.0,0.0
1.0,57.0,30.0,34.704010822770144,34.704010822770144,0.0,0.0
1.0,58.0,24.0,31.970514743327943,31.970514743327943,0.0,0.0
1.0,59.0,48.0,22.913355653032355,12.913355653032355,1.0,0.0
1.0,60.0,4.0,19.668611651107266,19.668611651107266,0.0,0.0
1.0,61.0,55.0,66.52941744398477,66.52941744398477,0.0,0.0
1.0,62.0,57.0,21.449100574135826,21.449100574135826,0.0,0.0
1.0,63.0,25.0,32.15506236418767,32.15506236418767,0.0,0.0
1.0,64.0,17.0,30.36648242941785,20.36648242941785,0.0,1.0
1.0,65.0,2.0,13.903315913309353,13.903315913309353,0.0,0.0
1.0,66.0,57.0,21.449100574135826,21.449100574135826,0.0,0.0
1.0,67.0,2.0,23.903315913309353,13.903315913309353,0.0,1.0
1.0,68.0,4.0,19.668611651107266,19.668611651107266,0.0,0.0
1.0,69.0,33.0,32.55683050677395,32.55683050677395,0.0,0.0
1.0,70.0,52.0,31.592944267364327,31.592944267364327,0.0,0.0
1.0,71.0,2.0,13.903315913309353,13.903315913309353,0.0,0.0
1.0,72.0,19.0,67.55513797456669,67.55513797456669,0.0,0.0
1.0,73.0,48.0,50.84642899459502,50.84642899459502,0.0,0.0
1.0,74.0,2.0,23.903315913309353,13.903315913309353,1.0,0.0
1.0,75.0,9.0,21.83231645282897,11.832316452828968,0.0,1.0
1.0,76.0,25.0,32.15506236418767,32.15506236418767,0.0,0.0
1.0,77.0,21.0,41.886060169312685,41.886060169312685,0.0,0.0
1.0,78.0,23.0,34.074821747362556,34.074821747362556,0.0,0.0
1.0,79.0,12.0,35.059149925815355,35.059149925815355,0.0,0.0
1.0,80.0,13.0,38.20769784633116,38.20769784633116,0.0,0.0
1.0,81.0,4.0,19.668611651107266,19.668611651107266,0.0,0.0
1.0,82.0,5.0,43.10170168539078,43.10170168539078,0.0,0.0
1.0,83.0,9.0,11.832316452828968,11.832316452828968,0.0,0.0
1.0,84.0,51.0,27.736005627747392,27.736005627747392,0.0,0.0
1.0,85.0,56.0,21.11883409001928,21.11883409001928,0.0,0.0
1.0,86.0,4.0,19.668611651107266,19.668611651107266,0.0,0.0
1.0,87.0,24.0,31.970514743327943,31.970514743327943,0.0,0.0
1.0,88.0,56.0,60.57148177095478,50.57148177095478,1.0,0.0
1.0,89.0,19.0,17.85752638335582,17.85752638335582,0.0,0.0
1.0,90.0,51.0,27.736005627747392,27.736005627747392,0.0,0.0
1.0,91.0,12.0,17.784737510178395,7.7847375101783935,1.0,0.0
1.0,92.0,32.0,31.861586152477503,31.861586152477503,0.0,0.0
1.0,93.0,32.0,31.861586152477503,31.861586152477503,0.0,0.0
1.0,94.0,22.0,25.881993120669726,25.881993120669726,0.0,0.0
1.0,95.0,37.0,17.89163552010487,7.891635520104872,0.0,1.0
1.0,96.0,50.0,25.307026487819066,15.307026487819064,1.0,0.0
1.0,97.0,50.0,25.307026487819066,15.307026487819064,1.0,0.0
1.0,98.0,43.0,29.062528867047074,29.062528867047074,0.0,0.0
1.0,99.0,39.0,7.6668690873668615,7.6668690873668615,0.0,0.0
1.0,100.0,50.0,15.307026487819064,15.307026487819064,0.0,0.0
1.0,101.0,37.0,17.89163552010487,7.891635520104872,0.0,1.0
1.0,102.0,11.0,71.19998588173432,71.19998588173432,0.0,0.0
1.0,103.0,6.0,9.89380178252181,9.89380178252181,0.0,0.0
1.0,104.0,23.0,34.074821747362556,34.074821747362556,0.0,0.0
1.0,105.0,4.0,19.668611651107266,19.668611651107266,0.0,0.0
1.0,106.0,12.0,17.784737510178395,7.7847375101783935,1.0,0.0
1.0,107.0,13.0,43.10170168539078,43.10170168539078,0.0,0.0
1.0,108.0,2.0,23.903315913309353,13.903315913309353,1.0,0.0
1.0,109.0,4.0,19.668611651107266,19.668611651107266,0.0,0.0
1.0,110.0,4.0,19.668611651107266,19.668611651107266,0.0,0.0
1.0,111.0,23.0,34.074821747362556,34.074821747362556,0.0,0.0
1.0,112.0,52.0,41.59294426736433,31.592944267364327,0.0,1.0
1.0,113.0,37.0,7.891635520104872,7.891635520104872,0.0,0.0
1.0,114.0,41.0,19.262379755693562,9.262379755693562,1.0,0.0
1.0,115.0,41.0,9.262379755693562,9.262379755693562,0.0,0.0
1.0,116.0,32.0,31.861586152477503,31.861586152477503,0.0,0.0
1.0,117.0,48.0,22.913355653032355,12.913355653032355,1.0,0.0
1.0,118.0,54.0,23.263568495070054,23.263568495070054,0.0,0.0
1.0,119.0,2.0,23.903315913309353,13.903315913309353,0.0,1.0
1.0,120.0,23.0,34.074821747362556,34.074821747362556,0.0,0.0
1.0,121.0,41.0,19.262379755693562,9.262379755693562,1.0,0.0
1.0,122.0,37.0,7.891635520104872,7.891635520104872,0.0,0.0
1.0,123.0,30.0,44.704010822770144,34.704010822770144,1.0,0.0
1.0,124.0,51.0,27.736005627747392,27.736005627747392,0.0,0.0
1.0,125.0,37.0,17.89163552010487,7.891635520104872,0.0,1.0
1.0,126.0,13.0,41.43678466558735,41.43678466558735,0.0,0.0
1.0,127.0,13.0,38.20769784633116,38.20769784633116,0.0,0.0
1.0,128.0,17.0,20.36648242941785,20.36648242941785,0.0,0.0
1.0,129.0,15.0,6.9345545254388155,6.9345545254388155,0.0,0.0
1.0,130.0,50.0,15.307026487819064,15.307026487819064,0.0,0.0
1.0,131.0,24.0,31.970514743327943,31.970514743327943,0.0,0.0
1.0,132.0,4.0,29.668611651107266,19.668611651107266,0.0,1.0
1.0,133.0,56.0,50.57148177095478,50.57148177095478,0.0,0.0
1.0,134.0,9.0,11.832316452828968,11.832316452828968,0.0,0.0
1.0,135.0,21.0,41.886060169312685,41.886060169312685,0.0,0.0
1.0,136.0,48.0,12.913355653032355,12.913355653032355,0.0,0.0
1.0,137.0,52.0,41.59294426736433,31.592944267364327,0.0,1.0
1.0,138.0,56.0,50.57148177095478,50.57148177095478,0.0,0.0
1.0,139.0,21.0,51.11034623551974,51.11034623551974,0.0,0.0
1.0,140.0,4.0,19.668611651107266,19.668611651107266,0.0,0.0
1.0,141.0,34.0,18.898945806509236,18.898945806509236,0.0,0.0
1.0,142.0,13.0,41.43678466558735,41.43678466558735,0.0,0.0
1.0,143.0,37.0,7.891635520104872,7.891635520104872,0.0,0.0
1.0,144.0,2.0,33.903315913309356,13.903315913309353,1.0,1.0
1.0,145.0,30.0,34.704010822770144,34.704010822770144,0.0,0.0
1.0,146.0,9.0,18.492266822738216,18.492266822738216,0.0,0.0
1.0,147.0,8.0,76.10035848755733,76.10035848755733,0.0,0.0
1.0,148.0,1.0,33.19839131823666,23.19839131823666,1.0,0.0
1.0,149.0,19.0,49.65323036481946,49.65323036481946,0.0,0.0
1.0,150.0,19.0,49.65323036481946,49.65323036481946,0.0,0.0
1.0,151.0,23.0,34.074821747362556,34.074821747362556,0.0,0.0
1.0,152.0,23.0,34.074821747362556,34.074821747362556,0.0,0.0
1.0,153.0,15.0,64.01632951752842,54.01632951752841,1.0,0.0
1.0,154.0,9.0,28.492266822738216,18.492266822738216,0.0,1.0
1.0,155.0,32.0,31.861586152477503,31.861586152477503,0.0,0.0
1.0,156.0,12.0,45.059149925815355,35.059149925815355,1.0,0.0
1.0,157.0,46.0,38.46395796443194,28.463957964431945,1.0,0.0
1.0,158.0,19.0,17.85752638335582,17.85752638335582,0.0,0.0
1.0,159.0,21.0,41.886060169312685,41.886060169312685,0.0,0.0
1.0,160.0,2.0,23.903315913309353,13.903315913309353,1.0,0.0
1.0,161.0,25.0,32.15506236418767,32.15506236418767,0.0,0.0
1.0,162.0,25.0,32.15506236418767,32.15506236418767,0.0,0.0
1.0,163.0,44.0,28.788855907576533,28.788855907576533,0.0,0.0
1.0,164.0,4.0,19.668611651107266,19.668611651107266,0.0,0.0
1.0,165.0,44.0,28.788855907576533,28.788855907576533,0.0,0.0
1.0,166.0,6.0,19.893801782521813,9.89380178252181,1.0,0.0
1.0,167.0,8.0,76.10035848755733,76.10035848755733,0.0,0.0
1.0,168.0,32.0,31.861586152477503,31.861586152477503,0.0,0.0
1.0,169.0,25.0,42.15506236418767,32.15506236418767,0.0,1.0
1.0,170.0,13.0,43.10170168539078,43.10170168539078,0.0,0.0
1.0,171.0,32.0,24.891558031625472,24.891558031625472,0.0,0.0
1.0,172.0,23.0,34.074821747362556,34.074821747362556,0.0,0.0
1.0,173.0,36.0,15.45003298558618,15.45003298558618,0.0,0.0
1.0,174.0,33.0,32.55683050677395,32.55683050677395,0.0,0.0
1.0,175.0,32.0,31.861586152477503,31.861586152477503,0.0,0.0
1.0,176.0,31.0,12.843161981605673,12.843161981605673,0.0,0.0
1.0,177.0,33.0,32.55683050677395,32.55683050677395,0.0,0.0
1.0,178.0,2.0,23.903315913309353,13.903315913309353,0.0,1.0
1.0,179.0,32.0,31.861586152477503,31.861586152477503,0.0,0.0
1.0,180.0,1.0,33.19839131823666,23.19839131823666,1.0,0.0
1.0,181.0,32.0,24.891558031625472,24.891558031625472,0.0,0.0
1.0,182.0,44.0,28.788855907576533,28.788855907576533,0.0,0.0
1.0,183.0,57.0,21.449100574135826,21.449100574135826,0.0,0.0
1.0,184.0,30.0,44.704010822770144,34.704010822770144,1.0,0.0
1.0,185.0,9.0,11.832316452828968,11.832316452828968,0.0,0.0
1.0,186.0,2.0,23.903315913309353,13.903315913309353,0.0,1.0
1.0,187.0,36.0,15.45003298558618,15.45003298558618,0.0,0.0
1.0,188.0,24.0,31.970514743327943,31.970514743327943,0.0,0.0
1.0,189.0,57.0,21.449100574135826,21.449100574135826,0.0,0.0
1.0,190.0,4.0,19.668611651107266,19.668611651107266,0.0,0.0
1.0,191.0,29.0,28.9032551455715,18.9032551455715,1.0,0.0
1.0,192.0,8.0,76.10035848755733,76.10035848755733,0.0,0.0
1.0,193.0,12.0,35.059149925815355,35.059149925815355,0.0,0.0
1.0,194.0,1.0,33.19839131823666,23.19839131823666,1.0,0.0
1.0,195.0,4.0,19.668611651107266,19.668611651107266,0.0,0.0
1.0,196.0,9.0,18.492266822738216,18.492266822738216,0.0,0.0
1.0,197.0,53.0,29.992430154366733,29.992430154366733,0.0,0.0
1.0,198.0,48.0,12.913355653032355,12.913355653032355,0.0,0.0
1.0,199.0,53.0,29.992430154366733,29.992430154366733,0.0,0.0
1.0,200.0,37.0,7.891635520104872,7.891635520104872,0.0,0.0
1.0,201.0,48.0,12.913355653032355,12.913355653032355,0.0,0.0
1.0,202.0,15.0,54.01632951752841,54.01632951752841,0.0,0.0
1.0,203.0,25.0,42.15506236418767,32.15506236418767,0.0,1.0
1.0,204.0,48.0,12.913355653032355,12.913355653032355,0.0,0.0
1.0,205.0,37.0,7.891635520104872,7.891635520104872,0.0,0.0
1.0,206.0,51.0,27.736005627747392,27.736005627747392,0.0,0.0
1.0,207.0,42.0,14.351161646984565,14.351161646984565,0.0,0.0
1.0,208.0,21.0,13.240130791838961,13.240130791838961,0.0,0.0
1.0,209.0,41.0,29.262379755693562,9.262379755693562,1.0,1.0
1.0,210.0,57.0,21.449100574135826,21.449100574135826,0.0,0.0
1.0,211.0,19.0,49.65323036481946,49.65323036481946,0.0,0.0
1.0,212.0,50.0,25.307026487819066,15.307026487819064,1.0,0.0
1.0,213.0,6.0,19.893801782521813,9.89380178252181,1.0,0.0
1.0,214.0,32.0,31.861586152477503,31.861586152477503,0.0,0.0
1.0,215.0,21.0,41.886060169312685,41.886060169312685,0.0,0.0
1.0,216.0,37.0,7.891635520104872,7.891635520104872,0.0,0.0
1.0,217.0,52.0,41.59294426736433,31.592944267364327,0.0,1.0
1.0,218.0,51.0,27.736005627747392,27.736005627747392,0.0,0.0
1.0,219.0,33.0,32.55683050677395,32.55683050677395,0.0,0.0
1.0,220.0,32.0,31.861586152477503,31.861586152477503,0.0,0.0
1.0,221.0,1.0,33.19839131823666,23.19839131823666,1.0,0.0
1.0,222.0,33.0,32.55683050677395,32.55683050677395,0.0,0.0
1.0,223.0,54.0,23.263568495070054,23.263568495070054,0.0,0.0
1.0,224.0,40.0,64.22539237752608,64.22539237752608,0.0,0.0
1.0,225.0,1.0,33.19839131823666,23.19839131823666,1.0,0.0
1.0,226.0,41.0,19.262379755693562,9.262379755693562,0.0,1.0
1.0,227.0,8.0,76.10035848755733,76.10035848755733,0.0,0.0
1.0,228.0,8.0,76.10035848755733,76.10035848755733,0.0,0.0
1.0,229.0,9.0,76.77745530775432,76.77745530775432,0.0,0.0
1.0,230.0,39.0,7.6668690873668615,7.6668690873668615,0.0,0.0
1.0,231.0,25.0,42.15506236418767,32.15506236418767,0.0,1.0
1.0,232.0,12.0,17.784737510178395,7.7847375101783935,1.0,0.0
1.0,233.0,17.0,30.36648242941785,20.36648242941785,0.0,1.0
1.0,234.0,22.0,25.881993120669726,25.881993120669726,0.0,0.0
1.0,235.0,48.0,22.913355653032355,12.913355653032355,1.0,0.0
1.0,236.0,1.0,33.19839131823666,23.19839131823666,1.0,0.0
1.0,237.0,52.0,41.59294426736433,31.592944267364327,0.0,1.0
1.0,238.0,39.0,7.6668690873668615,7.6668690873668615,0.0,0.0
1.0,239.0,25.0,32.15506236418767,32.15506236418767,0.0,0.0
1.0,240.0,23.0,34.074821747362556,34.074821747362556,0.0,0.0
1.0,241.0,37.0,7.891635520104872,7.891635520104872,0.0,0.0
1.0,242.0,4.0,19.668611651107266,19.668611651107266,0.0,0.0
1.0,243.0,21.0,51.11034623551974,51.11034623551974,0.0,0.0
1.0,244.0,25.0,32.15506236418767,32.15506236418767,0.0,0.0
1.0,245.0,36.0,15.45003298558618,15.45003298558618,0.0,0.0
1.0,246.0,57.0,21.449100574135826,21.449100574135826,0.0,0.0
1.0,247.0,32.0,24.891558031625472,24.891558031625472,0.0,0.0
1.0,248.0,23.0,34.074821747362556,34.074821747362556,0.0,0.0
1.0,249.0,33.0,32.55683050677395,32.55683050677395,0.0,0.0
1.0,250.0,50.0,25.307026487819066,15.307026487819064,1.0,0.0
1.0,251.0,24.0,31.970514743327943,31.970514743327943,0.0,0.0
1.0,252.0,8.0,76.10035848755733,76.10035848755733,0.0,0.0
1.0,253.0,8.0,76.10035848755733,76.10035848755733,0.0,0.0
1.0,254.0,21.0,13.240130791838961,13.240130791838961,0.0,0.0
1.0,255.0,3.0,51.43678466558735,41.43678466558735,0.0,1.0
1.0,256.0,31.0,22.843161981605675,12.843161981605673,1.0,0.0
1.0,257.0,41.0,19.262379755693562,9.262379755693562,1.0,0.0
1.0,258.0,40.0,64.22539237752608,64.22539237752608,0.0,0.0
1.0,259.0,36.0,25.45003298558618,15.45003298558618,1.0,0.0
1.0,260.0,19.0,17.85752638335582,17.85752638335582,0.0,0.0
1.0,261.0,41.0,19.262379755693562,9.262379755693562,0.0,1.0
1.0,262.0,41.0,9.262379755693562,9.262379755693562,0.0,0.0
1.0,263.0,30.0,34.704010822770144,34.704010822770144,0.0,0.0
1.0,264.0,25.0,42.15506236418767,32.15506236418767,0.0,1.0
1.0,265.0,50.0,25.307026487819066,15.307026487819064,1.0,0.0
1.0,266.0,13.0,38.20769784633116,38.20769784633116,0.0,0.0
1.0,267.0,8.0,76.10035848755733,76.10035848755733,0.0,0.0
1.0,268.0,32.0,24.891558031625472,24.891558031625472,0.0,0.0
1.0,269.0,32.0,24.891558031625472,24.891558031625472,0.0,0.0
1.0,270.0,52.0,41.59294426736433,31.592944267364327,0.0,1.0
1.0,271.0,56.0,31.11883409001928,21.11883409001928,1.0,0.0
1.0,272.0,57.0,21.449100574135826,21.449100574135826,0.0,0.0
1.0,273.0,49.0,11.915688811553464,11.915688811553464,0.0,0.0
1.0,274.0,13.0,38.20769784633116,38.20769784633116,0.0,0.0
1.0,275.0,33.0,32.55683050677395,32.55683050677395,0.0,0.0
1.0,276.0,32.0,31.861586152477503,31.861586152477503,0.0,0.0
1.0,277.0,32.0,24.891558031625472,24.891558031625472,0.0,0.0
1.0,278.0,12.0,17.784737510178395,7.7847375101783935,1.0,0.0
1.0,279.0,26.0,14.527108312237004,14.527108312237004,0.0,0.0
1.0,280.0,52.0,41.59294426736433,31.592944267364327,0.0,1.0
1.0,281.0,36.0,25.45003298558618,15.45003298558618,1.0,0.0
1.0,282.0,8.0,76.10035848755733,76.10035848755733,0.0,0.0
1.0,283.0,32.0,31.861586152477503,31.861586152477503,0.0,0.0
1.0,284.0,1.0,33.19839131823666,23.19839131823666,1.0,0.0
1.0,285.0,46.0,38.46395796443194,28.463957964431945,1.0,0.0
1.0,286.0,41.0,29.262379755693562,9.262379755693562,1.0,1.0
1.0,287.0,21.0,41.886060169312685,41.886060169312685,0.0,0.0
1.0,288.0,4.0,19.668611651107266,19.668611651107266,0.0,0.0
1.0,289.0,30.0,44.704010822770144,34.704010822770144,1.0,0.0
1.0,290.0,50.0,25.307026487819066,15.307026487819064,1.0,0.0
1.0,291.0,19.0,17.85752638335582,17.85752638335582,0.0,0.0
1.0,292.0,48.0,22.913355653032355,12.913355653032355,1.0,0.0
1.0,293.0,38.0,11.832316452828968,11.832316452828968,0.0,0.0
1.0,294.0,3.0,38.20769784633116,38.20769784633116,0.0,0.0
1.0,295.0,56.0,60.57148177095478,50.57148177095478,1.0,0.0
1.0,296.0,44.0,47.96144525153184,37.96144525153184,1.0,0.0
1.0,297.0,9.0,76.77745530775432,76.77745530775432,0.0,0.0
1.0,298.0,8.0,76.10035848755733,76.10035848755733,0.0,0.0
1.0,299.0,4.0,19.668611651107266,19.668611651107266,0.0,0.0
1.0,300.0,31.0,12.843161981605673,12.843161981605673,0.0,0.0
1.0,301.0,8.0,76.10035848755733,76.10035848755733,0.0,0.0
1.0,302.0,38.0,11.832316452828968,11.832316452828968,0.0,0.0
1.0,303.0,32.0,31.861586152477503,31.861586152477503,0.0,0.0
1.0,304.0,13.0,38.20769784633116,38.20769784633116,0.0,0.0
1.0,305.0,23.0,34.074821747362556,34.074821747362556,0.0,0.0
1.0,306.0,30.0,44.704010822770144,34.704010822770144,1.0,0.0
1.0,307.0,30.0,44.704010822770144,34.704010822770144,1.0,0.0
1.0,308.0,21.0,13.240130791838961,13.240130791838961,0.0,0.0
1.0,309.0,29.0,18.9032551455715,18.9032551455715,0.0,0.0
1.0,310.0,4.0,29.668611651107266,19.668611651107266,0.0,1.0
1.0,311.0,41.0,29.262379755693562,9.262379755693562,1.0,1.0
1.0,312.0,21.0,41.886060169312685,41.886060169312685,0.0,0.0
1.0,313.0,1.0,33.19839131823666,23.19839131823666,1.0,0.0
1.0,314.0,32.0,31.861586152477503,31.861586152477503,0.0,0.0
1.0,315.0,37.0,17.89163552010487,7.891635520104872,0.0,1.0
1.0,316.0,33.0,32.55683050677395,32.55683050677395,0.0,0.0
1.0,317.0,49.0,11.915688811553464,11.915688811553464,0.0,0.0
1.0,318.0,48.0,12.913355653032355,12.913355653032355,0.0,0.0
1.0,319.0,30.0,44.704010822770144,34.704010822770144,1.0,0.0
1.0,320.0,2.0,13.903315913309353,13.903315913309353,0.0,0.0
1.0,321.0,53.0,29.992430154366733,29.992430154366733,0.0,0.0
1.0,322.0,9.0,76.77745530775432,76.77745530775432,0.0,0.0
1.0,323.0,54.0,23.263568495070054,23.263568495070054,0.0,0.0
1.0,324.0,53.0,25.440393986865484,25.440393986865484,0.0,0.0
1.0,325.0,7.0,41.07305952200729,41.07305952200729,0.0,0.0
1.0,326.0,16.0,27.44102760578279,27.44102760578279,0.0,0.0
1.0,327.0,23.0,34.074821747362556,34.074821747362556,0.0,0.0
1.0,328.0,3.0,38.20769784633116,38.20769784633116,0.0,0.0
1.0,329.0,5.0,51.43678466558735,41.43678466558735,0.0,1.0
1.0,330.0,21.0,41.886060169312685,41.886060169312685,0.0,0.0
1.0,331.0,51.0,27.736005627747392,27.736005627747392,0.0,0.0
1.0,332.0,30.0,44.704010822770144,34.704010822770144,1.0,0.0
1.0,333.0,9.0,18.492266822738216,18.492266822738216,0.0,0.0
1.0,334.0,46.0,28.463957964431945,28.463957964431945,0.0,0.0
1.0,335.0,57.0,21.449100574135826,21.449100574135826,0.0,0.0
1.0,336.0,36.0,25.45003298558618,15.45003298558618,1.0,0.0
1.0,337.0,35.0,57.722267360970996,57.722267360970996,0.0,0.0
1.0,338.0,9.0,28.492266822738216,18.492266822738216,0.0,1.0
1.0,339.0,27.0,33.41591067862943,33.41591067862943,0.0,0.0
1.0,340.0,10.0,69.81326629353579,69.81326629353579,0.0,0.0
1.0,341.0,57.0,21.449100574135826,21.449100574135826,0.0,0.0
1.0,342.0,57.0,21.449100574135826,21.449100574135826,0.0,0.0
1.0,343.0,17.0,20.36648242941785,20.36648242941785,0.0,0.0
1.0,344.0,57.0,21.449100574135826,21.449100574135826,0.0,0.0
1.0,345.0,31.0,12.843161981605673,12.843161981605673,0.0,0.0
1.0,346.0,35.0,57.722267360970996,57.722267360970996,0.0,0.0
1.0,347.0,25.0,32.15506236418767,32.15506236418767,0.0,0.0
1.0,348.0,37.0,7.891635520104872,7.891635520104872,0.0,0.0
1.0,349.0,38.0,11.832316452828968,11.832316452828968,0.0,0.0
1.0,350.0,50.0,25.307026487819066,15.307026487819064,1.0,0.0
1.0,351.0,33.0,32.55683050677395,32.55683050677395,0.0,0.0
1.0,352.0,14.0,79.04359811310302,79.04359811310302,0.0,0.0
1.0,353.0,21.0,41.886060169312685,41.886060169312685,0.0,0.0
1.0,354.0,53.0,25.440393986865484,25.440393986865484,0.0,0.0
1.0,355.0,5.0,51.43678466558735,41.43678466558735,1.0,0.0
1.0,356.0,56.0,50.57148177095478,50.57148177095478,0.0,0.0
1.0,357.0,57.0,21.449100574135826,21.449100574135826,0.0,0.0
1.0,358.0,41.0,19.262379755693562,9.262379755693562,1.0,0.0
1.0,359.0,57.0,21.449100574135826,21.449100574135826,0.0,0.0
1.0,360.0,25.0,32.15506236418767,32.15506236418767,0.0,0.0
1.0,361.0,57.0,21.449100574135826,21.449100574135826,0.0,0.0
1.0,362.0,21.0,13.240130791838961,13.240130791838961,0.0,0.0
1.0,363.0,56.0,50.57148177095478,50.57148177095478,0.0,0.0
1.0,364.0,19.0,67.55513797456669,67.55513797456669,0.0,0.0
1.0,365.0,57.0,21.449100574135826,21.449100574135826,0.0,0.0
1.0,366.0,36.0,15.45003298558618,15.45003298558618,0.0,0.0
1.0,367.0,51.0,27.736005627747392,27.736005627747392,0.0,0.0
1.0,368.0,32.0,24.891558031625472,24.891558031625472,0.0,0.0
1.0,369.0,36.0,25.45003298558618,15.45003298558618,1.0,0.0
1.0,370.0,10.0,69.81326629353579,69.81326629353579,0.0,0.0
1.0,371.0,23.0,34.074821747362556,34.074821747362556,0.0,0.0
1.0,372.0,36.0,25.45003298558618,15.45003298558618,1.0,0.0
1.0,373.0,9.0,28.492266822738216,18.492266822738216,0.0,1.0
1.0,374.0,6.0,19.893801782521813,9.89380178252181,1.0,0.0
1.0,375.0,33.0,32.55683050677395,32.55683050677395,0.0,0.0
1.0,376.0,50.0,25.307026487819066,15.307026487819064,1.0,0.0
1.0,377.0,49.0,11.915688811553464,11.915688811553464,0.0,0.0
1.0,378.0,53.0,25.440393986865484,25.440393986865484,0.0,0.0
1.0,379.0,29.0,18.9032551455715,18.9032551455715,0.0,0.0
1.0,380.0,50.0,25.307026487819066,15.307026487819064,1.0,0.0
1.0,381.0,56.0,21.11883409001928,21.11883409001928,0.0,0.0
1.0,382.0,25.0,32.15506236418767,32.15506236418767,0.0,0.0
1.0,383.0,49.0,11.915688811553464,11.915688811553464,0.0,0.0
1.0,384.0,50.0,25.307026487819066,15.307026487819064,1.0,0.0
1.0,385.0,33.0,32.55683050677395,32.55683050677395,0.0,0.0
1.0,386.0,52.0,41.59294426736433,31.592944267364327,0.0,1.0
1.0,387.0,21.0,13.240130791838961,13.240130791838961,0.0,0.0
1.0,388.0,57.0,21.449100574135826,21.449100574135826,0.0,0.0
1.0,389.0,39.0,7.6668690873668615,7.6668690873668615,0.0,0.0
1.0,390.0,2.0,23.903315913309353,13.903315913309353,0.0,1.0
1.0,391.0,30.0,13.08002908101434,13.08002908101434,0.0,0.0
1.0,392.0,41.0,29.262379755693562,9.262379755693562,1.0,1.0
1.0,393.0,19.0,67.55513797456669,67.55513797456669,0.0,0.0
1.0,394.0,56.0,21.11883409001928,21.11883409001928,0.0,0.0
1.0,395.0,25.0,32.15506236418767,32.15506236418767,0.0,0.0
1.0,396.0,6.0,19.893801782521813,9.89380178252181,1.0,0.0
1.0,397.0,48.0,50.84642899459502,50.84642899459502,0.0,0.0
1.0,398.0,51.0,27.736005627747392,27.736005627747392,0.0,0.0
1.0,399.0,21.0,51.11034623551974,51.11034623551974,0.0,0.0
1.0,400.0,17.0,30.36648242941785,20.36648242941785,0.0,1.0
1.0,401.0,17.0,20.36648242941785,20.36648242941785,0.0,0.0
1.0,402.0,19.0,67.55513797456669,67.55513797456669,0.0,0.0
1.0,403.0,32.0,24.891558031625472,24.891558031625472,0.0,0.0
1.0,404.0,22.0,25.881993120669726,25.881993120669726,0.0,0.0
1.0,405.0,33.0,32.55683050677395,32.55683050677395,0.0,0.0
1.0,406.0,23.0,34.074821747362556,34.074821747362556,0.0,0.0
1.0,407.0,21.0,41.886060169312685,41.886060169312685,0.0,0.0
1.0,408.0,57.0,21.449100574135826,21.449100574135826,0.0,0.0
1.0,409.0,56.0,31.11883409001928,21.11883409001928,1.0,0.0
1.0,410.0,36.0,25.45003298558618,15.45003298558618,1.0,0.0
1.0,411.0,17.0,20.36648242941785,20.36648242941785,0.0,0.0
1.0,412.0,6.0,19.893801782521813,9.89380178252181,1.0,0.0
1.0,413.0,9.0,18.492266822738216,18.492266822738216,0.0,0.0
1.0,414.0,39.0,7.6668690873668615,7.6668690873668615,0.0,0.0
1.0,415.0,33.0,32.55683050677395,32.55683050677395,0.0,0.0
1.0,416.0,22.0,25.881993120669726,25.881993120669726,0.0,0.0
1.0,417.0,56.0,31.11883409001928,21.11883409001928,0.0,1.0
1.0,418.0,21.0,41.886060169312685,41.886060169312685,0.0,0.0
1.0,419.0,36.0,15.45003298558618,15.45003298558618,0.0,0.0
1.0,420.0,30.0,44.704010822770144,34.704010822770144,1.0,0.0
1.0,421.0,22.0,25.881993120669726,25.881993120669726,0.0,0.0
1.0,422.0,57.0,21.449100574135826,21.449100574135826,0.0,0.0
1.0,423.0,51.0,27.736005627747392,27.736005627747392,0.0,0.0
1.0,424.0,17.0,30.36648242941785,20.36648242941785,0.0,1.0
1.0,425.0,36.0,25.45003298558618,15.45003298558618,1.0,0.0
1.0,426.0,12.0,17.784737510178395,7.7847375101783935,1.0,0.0
1.0,427.0,44.0,28.788855907576533,28.788855907576533,0.0,0.0
1.0,428.0,50.0,25.307026487819066,15.307026487819064,1.0,0.0
1.0,429.0,44.0,37.96144525153184,37.96144525153184,0.0,0.0
1.0,430.0,13.0,43.10170168539078,43.10170168539078,0.0,0.0
1.0,431.0,6.0,19.893801782521813,9.89380178252181,1.0,0.0
1.0,432.0,51.0,27.736005627747392,27.736005627747392,0.0,0.0
1.0,433.0,9.0,21.83231645282897,11.832316452828968,0.0,1.0
1.0,434.0,32.0,31.861586152477503,31.861586152477503,0.0,0.0
1.0,435.0,6.0,19.893801782521813,9.89380178252181,1.0,0.0
1.0,436.0,32.0,31.861586152477503,31.861586152477503,0.0,0.0
1.0,437.0,56.0,50.57148177095478,50.57148177095478,0.0,0.0
1.0,438.0,39.0,7.6668690873668615,7.6668690873668615,0.0,0.0
1.0,439.0,7.0,41.07305952200729,41.07305952200729,0.0,0.0
1.0,440.0,1.0,33.19839131823666,23.19839131823666,1.0,0.0
1.0,441.0,3.0,43.10170168539078,43.10170168539078,0.0,0.0
1.0,442.0,9.0,76.77745530775432,76.77745530775432,0.0,0.0
1.0,443.0,33.0,32.55683050677395,32.55683050677395,0.0,0.0
1.0,444.0,56.0,60.57148177095478,50.57148177095478,1.0,0.0
1.0,445.0,57.0,21.449100574135826,21.449100574135826,0.0,0.0
1.0,446.0,25.0,32.15506236418767,32.15506236418767,0.0,0.0
1.0,447.0,53.0,39.99243015436673,29.992430154366733,0.0,1.0
1.0,448.0,5.0,51.43678466558735,41.43678466558735,0.0,1.0
1.0,449.0,30.0,44.704010822770144,34.704010822770144,1.0,0.0
1.0,450.0,32.0,24.891558031625472,24.891558031625472,0.0,0.0
1.0,451.0,57.0,21.449100574135826,21.449100574135826,0.0,0.0
1.0,452.0,29.0,18.9032551455715,18.9032551455715,0.0,0.0
1.0,453.0,56.0,31.11883409001928,21.11883409001928,1.0,0.0
1.0,454.0,17.0,30.36648242941785,20.36648242941785,0.0,1.0
1.0,455.0,14.0,79.04359811310302,79.04359811310302,0.0,0.0
1.0,456.0,33.0,32.55683050677395,32.55683050677395,0.0,0.0
1.0,457.0,48.0,50.84642899459502,50.84642899459502,0.0,0.0
1.0,458.0,19.0,17.85752638335582,17.85752638335582,0.0,0.0
1.0,459.0,52.0,41.59294426736433,31.592944267364327,0.0,1.0
1.0,460.0,2.0,23.903315913309353,13.903315913309353,1.0,0.0
1.0,461.0,57.0,21.449100574135826,21.449100574135826,0.0,0.0
1.0,462.0,32.0,24.891558031625472,24.891558031625472,0.0,0.0
1.0,463.0,44.0,28.788855907576533,28.788855907576533,0.0,0.0
1.0,464.0,23.0,34.074821747362556,34.074821747362556,0.0,0.0
1.0,465.0,39.0,7.6668690873668615,7.6668690873668615,0.0,0.0
1.0,466.0,14.0,20.144774968964732,20.144774968964732,0.0,0.0
1.0,467.0,19.0,17.85752638335582,17.85752638335582,0.0,0.0
1.0,468.0,2.0,23.903315913309353,13.903315913309353,1.0,0.0
1.0,469.0,51.0,27.736005627747392,27.736005627747392,0.0,0.0
1.0,470.0,51.0,27.736005627747392,27.736005627747392,0.0,0.0
1.0,471.0,56.0,50.57148177095478,50.57148177095478,0.0,0.0
1.0,472.0,48.0,50.84642899459502,50.84642899459502,0.0,0.0
1.0,473.0,33.0,32.55683050677395,32.55683050677395,0.0,0.0
1.0,474.0,13.0,41.43678466558735,41.43678466558735,0.0,0.0
1.0,475.0,9.0,21.83231645282897,11.832316452828968,0.0,1.0
1.0,476.0,17.0,30.36648242941785,20.36648242941785,0.0,1.0
1.0,477.0,21.0,13.240130791838961,13.240130791838961,0.0,0.0
1.0,478.0,46.0,28.463957964431945,28.463957964431945,0.0,0.0
1.0,479.0,48.0,12.913355653032355,12.913355653032355,0.0,0.0
1.0,480.0,5.0,51.43678466558735,41.43678466558735,0.0,1.0
1.0,481.0,2.0,33.903315913309356,13.903315913309353,1.0,1.0
1.0,482.0,31.0,12.843161981605673,12.843161981605673,0.0,0.0
1.0,483.0,41.0,19.262379755693562,9.262379755693562,1.0,0.0
1.0,484.0,6.0,19.893801782521813,9.89380178252181,1.0,0.0
1.0,485.0,4.0,19.668611651107266,19.668611651107266,0.0,0.0
1.0,486.0,17.0,20.36648242941785,20.36648242941785,0.0,0.0
1.0,487.0,37.0,17.89163552010487,7.891635520104872,0.0,1.0
1.0,488.0,19.0,17.85752638335582,17.85752638335582,0.0,0.0
1.0,489.0,49.0,11.915688811553464,11.915688811553464,0.0,0.0
1.0,490.0,17.0,20.36648242941785,20.36648242941785,0.0,0.0
1.0,491.0,13.0,38.20769784633116,38.20769784633116,0.0,0.0
1.0,492.0,19.0,67.55513797456669,67.55513797456669,0.0,0.0
1.0,493.0,14.0,89.04359811310302,79.04359811310302,1.0,0.0
1.0,494.0,5.0,41.43678466558735,41.43678466558735,0.0,0.0
1.0,495.0,32.0,31.861586152477503,31.861586152477503,0.0,0.0
1.0,496.0,4.0,19.668611651107266,19.668611651107266,0.0,0.0
1.0,497.0,41.0,19.262379755693562,9.262379755693562,1.0,0.0
1.0,498.0,50.0,25.307026487819066,15.307026487819064,1.0,0.0
1.0,499.0,25.0,32.15506236418767,32.15506236418767,0.0,0.0
1.0,500.0,32.0,24.891558031625472,24.891558031625472,0.0,0.0
1.0,501.0,4.0,19.668611651107266,19.668611651107266,0.0,0.0
1.0,502.0,34.0,18.898945806509236,18.898945806509236,0.0,0.0
1.0,503.0,9.0,21.83231645282897,11.832316452828968,0.0,1.0
1.0,504.0,57.0,21.449100574135826,21.449100574135826,0.0,0.0
1.0,505.0,48.0,50.84642899459502,50.84642899459502,0.0,0.0
1.0,506.0,9.0,76.77745530775432,76.77745530775432,0.0,0.0
1.0,507.0,4.0,19.668611651107266,19.668611651107266,0.0,0.0
1.0,508.0,4.0,29.668611651107266,19.668611651107266,0.0,1.0
1.0,509.0,14.0,79.04359811310302,79.04359811310302,0.0,0.0
1.0,510.0,21.0,51.11034623551974,51.11034623551974,0.0,0.0
1.0,511.0,9.0,21.83231645282897,11.832316452828968,0.0,1.0
1.0,512.0,48.0,12.913355653032355,12.913355653032355,0.0,0.0
1.0,513.0,14.0,89.04359811310302,79.04359811310302,1.0,0.0
1.0,514.0,39.0,7.6668690873668615,7.6668690873668615,0.0,0.0
1.0,515.0,9.0,18.492266822738216,18.492266822738216,0.0,0.0
1.0,516.0,9.0,18.492266822738216,18.492266822738216,0.0,0.0
1.0,517.0,41.0,19.262379755693562,9.262379755693562,1.0,0.0
1.0,518.0,1.0,33.19839131823666,23.19839131823666,1.0,0.0
1.0,519.0,25.0,32.15506236418767,32.15506236418767,0.0,0.0
1.0,520.0,8.0,76.10035848755733,76.10035848755733,0.0,0.0
1.0,521.0,13.0,38.20769784633116,38.20769784633116,0.0,0.0
1.0,522.0,4.0,29.668611651107266,19.668611651107266,0.0,1.0
1.0,523.0,13.0,41.43678466558735,41.43678466558735,0.0,0.0
1.0,524.0,30.0,34.704010822770144,34.704010822770144,0.0,0.0
1.0,525.0,9.0,28.492266822738216,18.492266822738216,0.0,1.0
1.0,526.0,24.0,31.970514743327943,31.970514743327943,0.0,0.0
1.0,527.0,2.0,13.903315913309353,13.903315913309353,0.0,0.0
1.0,528.0,57.0,21.449100574135826,21.449100574135826,0.0,0.0
1.0,529.0,12.0,35.059149925815355,35.059149925815355,0.0,0.0
1.0,530.0,6.0,19.893801782521813,9.89380178252181,1.0,0.0
1.0,531.0,30.0,44.704010822770144,34.704010822770144,1.0,0.0
1.0,532.0,4.0,19.668611651107266,19.668611651107266,0.0,0.0
1.0,533.0,56.0,50.57148177095478,50.57148177095478,0.0,0.0
1.0,534.0,15.0,64.01632951752842,54.01632951752841,1.0,0.0
1.0,535.0,22.0,25.881993120669726,25.881993120669726,0.0,0.0
1.0,536.0,2.0,13.903315913309353,13.903315913309353,0.0,0.0
1.0,537.0,23.0,34.074821747362556,34.074821747362556,0.0,0.0
1.0,538.0,8.0,76.10035848755733,76.10035848755733,0.0,0.0
1.0,539.0,24.0,31.970514743327943,31.970514743327943,0.0,0.0
1.0,540.0,50.0,25.307026487819066,15.307026487819064,1.0,0.0
1.0,541.0,39.0,7.6668690873668615,7.6668690873668615,0.0,0.0
1.0,542.0,12.0,35.059149925815355,35.059149925815355,0.0,0.0
1.0,543.0,36.0,25.45003298558618,15.45003298558618,1.0,0.0
1.0,544.0,21.0,41.886060169312685,41.886060169312685,0.0,0.0
1.0,545.0,1.0,33.19839131823666,23.19839131823666,1.0,0.0
1.0,546.0,32.0,24.891558031625472,24.891558031625472,0.0,0.0
1.0,547.0,52.0,31.592944267364327,31.592944267364327,0.0,0.0
1.0,548.0,9.0,21.83231645282897,11.832316452828968,0.0,1.0
1.0,549.0,23.0,34.074821747362556,34.074821747362556,0.0,0.0
1.0,550.0,51.0,27.736005627747392,27.736005627747392,0.0,0.0
1.0,551.0,8.0,76.10035848755733,76.10035848755733,0.0,0.0
1.0,552.0,8.0,76.10035848755733,76.10035848755733,0.0,0.0
1.0,553.0,36.0,25.45003298558618,15.45003298558618,1.0,0.0
1.0,554.0,25.0,32.15506236418767,32.15506236418767,0.0,0.0
1.0,555.0,44.0,28.788855907576533,28.788855907576533,0.0,0.0
1.0,556.0,14.0,79.04359811310302,79.04359811310302,0.0,0.0
1.0,557.0,51.0,27.736005627747392,27.736005627747392,0.0,0.0
1.0,558.0,32.0,31.861586152477503,31.861586152477503,0.0,0.0
1.0,559.0,4.0,19.668611651107266,19.668611651107266,0.0,0.0
1.0,560.0,23.0,34.074821747362556,34.074821747362556,0.0,0.0
1.0,561.0,44.0,28.788855907576533,28.788855907576533,0.0,0.0
1.0,562.0,19.0,49.65323036481946,49.65323036481946,0.0,0.0
1.0,563.0,2.0,33.903315913309356,13.903315913309353,1.0,1.0
1.0,564.0,33.0,32.55683050677395,32.55683050677395,0.0,0.0
1.0,565.0,38.0,11.832316452828968,11.832316452828968,0.0,0.0
1.0,566.0,23.0,34.074821747362556,34.074821747362556,0.0,0.0
1.0,567.0,9.0,21.83231645282897,11.832316452828968,0.0,1.0
1.0,568.0,4.0,19.668611651107266,19.668611651107266,0.0,0.0
1.0,569.0,41.0,19.262379755693562,9.262379755693562,0.0,1.0
1.0,570.0,41.0,19.262379755693562,9.262379755693562,1.0,0.0
1.0,571.0,53.0,29.992430154366733,29.992430154366733,0.0,0.0
1.0,572.0,36.0,15.45003298558618,15.45003298558618,0.0,0.0
1.0,573.0,25.0,32.15506236418767,32.15506236418767,0.0,0.0
1.0,574.0,56.0,31.11883409001928,21.11883409001928,0.0,1.0
1.0,575.0,4.0,29.668611651107266,19.668611651107266,0.0,1.0
1.0,576.0,29.0,18.9032551455715,18.9032551455715,0.0,0.0
1.0,577.0,44.0,37.96144525153184,37.96144525153184,0.0,0.0
1.0,578.0,4.0,19.668611651107266,19.668611651107266,0.0,0.0
1.0,579.0,52.0,41.59294426736433,31.592944267364327,0.0,1.0
1.0,580.0,13.0,38.20769784633116,38.20769784633116,0.0,0.0
1.0,581.0,39.0,7.6668690873668615,7.6668690873668615,0.0,0.0
1.0,582.0,1.0,33.19839131823666,23.19839131823666,1.0,0.0
1.0,583.0,2.0,23.903315913309353,13.903315913309353,1.0,0.0
1.0,584.0,48.0,50.84642899459502,50.84642899459502,0.0,0.0
1.0,585.0,13.0,41.43678466558735,41.43678466558735,0.0,0.0
1.0,586.0,49.0,11.915688811553464,11.915688811553464,0.0,0.0
1.0,587.0,30.0,34.704010822770144,34.704010822770144,0.0,0.0
1.0,588.0,56.0,31.11883409001928,21.11883409001928,1.0,0.0
1.0,589.0,56.0,31.11883409001928,21.11883409001928,0.0,1.0
1.0,590.0,12.0,35.059149925815355,35.059149925815355,0.0,0.0
1.0,591.0,1.0,33.19839131823666,23.19839131823666,1.0,0.0
1.0,592.0,17.0,20.36648242941785,20.36648242941785,0.0,0.0
1.0,593.0,33.0,32.55683050677395,32.55683050677395,0.0,0.0
1.0,594.0,7.0,41.07305952200729,41.07305952200729,0.0,0.0
1.0,595.0,48.0,12.913355653032355,12.913355653032355,0.0,0.0
1.0,596.0,17.0,20.36648242941785,20.36648242941785,0.0,0.0
1.0,597.0,9.0,76.77745530775432,76.77745530775432,0.0,0.0
1.0,598.0,37.0,17.89163552010487,7.891635520104872,0.0,1.0
1.0,599.0,57.0,21.449100574135826,21.449100574135826,0.0,0.0
1.0,600.0,52.0,31.592944267364327,31.592944267364327,0.0,0.0
1.0,601.0,33.0,32.55683050677395,32.55683050677395,0.0,0.0
1.0,602.0,51.0,27.736005627747392,27.736005627747392,0.0,0.0
1.0,603.0,50.0,25.307026487819066,15.307026487819064,1.0,0.0
1.0,604.0,1.0,33.19839131823666,23.19839131823666,1.0,0.0
1.0,605.0,50.0,25.307026487819066,15.307026487819064,1.0,0.0
1.0,606.0,57.0,21.449100574135826,21.449100574135826,0.0,0.0
1.0,607.0,29.0,28.9032551455715,18.9032551455715,1.0,0.0
1.0,608.0,50.0,25.307026487819066,15.307026487819064,1.0,0.0
1.0,609.0,19.0,17.85752638335582,17.85752638335582,0.0,0.0
1.0,610.0,1.0,33.19839131823666,23.19839131823666,1.0,0.0
1.0,611.0,4.0,19.668611651107266,19.668611651107266,0.0,0.0
1.0,612.0,21.0,41.886060169312685,41.886060169312685,0.0,0.0
1.0,613.0,54.0,23.263568495070054,23.263568495070054,0.0,0.0
1.0,614.0,21.0,13.240130791838961,13.240130791838961,0.0,0.0
1.0,615.0,2.0,23.903315913309353,13.903315913309353,0.0,1.0
1.0,616.0,30.0,34.704010822770144,34.704010822770144,0.0,0.0
1.0,617.0,53.0,29.992430154366733,29.992430154366733,0.0,0.0
1.0,618.0,50.0,25.307026487819066,15.307026487819064,1.0,0.0
1.0,619.0,21.0,41.886060169312685,41.886060169312685,0.0,0.0
1.0,620.0,2.0,33.903315913309356,13.903315913309353,1.0,1.0
1.0,621.0,25.0,32.15506236418767,32.15506236418767,0.0,0.0
1.0,622.0,5.0,38.20769784633116,38.20769784633116,0.0,0.0
1.0,623.0,34.0,18.898945806509236,18.898945806509236,0.0,0.0
1.0,624.0,13.0,38.20769784633116,38.20769784633116,0.0,0.0
1.0,625.0,47.0,30.541317851254053,30.541317851254053,0.0,0.0
1.0,626.0,2.0,13.903315913309353,13.903315913309353,0.0,0.0
1.0,627.0,19.0,49.65323036481946,49.65323036481946,0.0,0.0
1.0,628.0,50.0,25.307026487819066,15.307026487819064,1.0,0.0
1.0,629.0,56.0,21.11883409001928,21.11883409001928,0.0,0.0
1.0,630.0,57.0,21.449100574135826,21.449100574135826,0.0,0.0
1.0,631.0,25.0,32.15506236418767,32.15506236418767,0.0,0.0
1.0,632.0,21.0,13.240130791838961,13.240130791838961,0.0,0.0
1.0,633.0,33.0,32.55683050677395,32.55683050677395,0.0,0.0
1.0,634.0,56.0,50.57148177095478,50.57148177095478,0.0,0.0
1.0,635.0,52.0,41.59294426736433,31.592944267364327,0.0,1.0
1.0,636.0,56.0,50.57148177095478,50.57148177095478,0.0,0.0
1.0,637.0,50.0,25.307026487819066,15.307026487819064,1.0,0.0
1.0,638.0,36.0,25.45003298558618,15.45003298558618,1.0,0.0
1.0,639.0,3.0,43.10170168539078,43.10170168539078,0.0,0.0
1.0,640.0,6.0,19.893801782521813,9.89380178252181,1.0,0.0
1.0,641.0,57.0,21.449100574135826,21.449100574135826,0.0,0.0
1.0,642.0,9.0,76.77745530775432,76.77745530775432,0.0,0.0
1.0,643.0,17.0,30.36648242941785,20.36648242941785,0.0,1.0
1.0,644.0,50.0,25.307026487819066,15.307026487819064,1.0,0.0
1.0,645.0,23.0,34.074821747362556,34.074821747362556,0.0,0.0
1.0,646.0,25.0,32.15506236418767,32.15506236418767,0.0,0.0
1.0,647.0,17.0,30.36648242941785,20.36648242941785,0.0,1.0
1.0,648.0,39.0,7.6668690873668615,7.6668690873668615,0.0,0.0
1.0,649.0,9.0,21.83231645282897,11.832316452828968,0.0,1.0
1.0,650.0,51.0,27.736005627747392,27.736005627747392,0.0,0.0
1.0,651.0,7.0,41.07305952200729,41.07305952200729,0.0,0.0
1.0,652.0,36.0,15.45003298558618,15.45003298558618,0.0,0.0
1.0,653.0,8.0,76.10035848755733,76.10035848755733,0.0,0.0
1.0,654.0,1.0,33.19839131823666,23.19839131823666,1.0,0.0
1.0,655.0,52.0,31.592944267364327,31.592944267364327,0.0,0.0
1.0,656.0,50.0,25.307026487819066,15.307026487819064,1.0,0.0
1.0,657.0,21.0,41.886060169312685,41.886060169312685,0.0,0.0
1.0,658.0,9.0,76.77745530775432,76.77745530775432,0.0,0.0
1.0,659.0,18.0,56.59634781810338,56.59634781810338,0.0,0.0
1.0,660.0,50.0,15.307026487819064,15.307026487819064,0.0,0.0
1.0,661.0,7.0,41.07305952200729,41.07305952200729,0.0,0.0
1.0,662.0,1.0,33.19839131823666,23.19839131823666,1.0,0.0
1.0,663.0,25.0,32.15506236418767,32.15506236418767,0.0,0.0
1.0,664.0,41.0,19.262379755693562,9.262379755693562,1.0,0.0
1.0,665.0,1.0,33.19839131823666,23.19839131823666,1.0,0.0
1.0,666.0,37.0,7.891635520104872,7.891635520104872,0.0,0.0
1.0,667.0,32.0,31.861586152477503,31.861586152477503,0.0,0.0
1.0,668.0,40.0,64.22539237752608,64.22539237752608,0.0,0.0
1.0,669.0,33.0,32.55683050677395,32.55683050677395,0.0,0.0
1.0,670.0,6.0,19.893801782521813,9.89380178252181,1.0,0.0
1.0,671.0,51.0,27.736005627747392,27.736005627747392,0.0,0.0
1.0,672.0,4.0,19.668611651107266,19.668611651107266,0.0,0.0
1.0,673.0,30.0,34.704010822770144,34.704010822770144,0.0,0.0
1.0,674.0,23.0,34.074821747362556,34.074821747362556,0.0,0.0
1.0,675.0,13.0,41.43678466558735,41.43678466558735,0.0,0.0
1.0,676.0,44.0,55.076451581209724,55.076451581209724,0.0,0.0
1.0,677.0,54.0,18.898945806509236,18.898945806509236,0.0,0.0
1.0,678.0,52.0,31.592944267364327,31.592944267364327,0.0,0.0
1.0,679.0,9.0,21.83231645282897,11.832316452828968,0.0,1.0
1.0,680.0,2.0,33.903315913309356,13.903315913309353,1.0,1.0
1.0,681.0,37.0,7.891635520104872,7.891635520104872,0.0,0.0
1.0,682.0,50.0,25.307026487819066,15.307026487819064,1.0,0.0
1.0,683.0,36.0,15.45003298558618,15.45003298558618,0.0,0.0
1.0,684.0,37.0,7.891635520104872,7.891635520104872,0.0,0.0
1.0,685.0,5.0,51.43678466558735,41.43678466558735,1.0,0.0
1.0,686.0,53.0,25.440393986865484,25.440393986865484,0.0,0.0
1.0,687.0,3.0,51.43678466558735,41.43678466558735,0.0,1.0
1.0,688.0,51.0,27.736005627747392,27.736005627747392,0.0,0.0
1.0,689.0,52.0,41.59294426736433,31.592944267364327,0.0,1.0
1.0,690.0,2.0,23.903315913309353,13.903315913309353,1.0,0.0
1.0,691.0,20.0,29.062528867047074,29.062528867047074,0.0,0.0
1.0,692.0,52.0,31.592944267364327,31.592944267364327,0.0,0.0
1.0,693.0,37.0,7.891635520104872,7.891635520104872,0.0,0.0
1.0,694.0,37.0,17.89163552010487,7.891635520104872,0.0,1.0
1.0,695.0,54.0,23.263568495070054,23.263568495070054,0.0,0.0
1.0,696.0,41.0,19.262379755693562,9.262379755693562,0.0,1.0
1.0,697.0,19.0,17.85752638335582,17.85752638335582,0.0,0.0
1.0,698.0,9.0,11.832316452828968,11.832316452828968,0.0,0.0
1.0,699.0,51.0,37.73600562774739,27.736005627747392,0.0,1.0
1.0,700.0,35.0,57.722267360970996,57.722267360970996,0.0,0.0
1.0,701.0,52.0,31.592944267364327,31.592944267364327,0.0,0.0
1.0,702.0,12.0,17.784737510178395,7.7847375101783935,1.0,0.0
1.0,703.0,4.0,29.668611651107266,19.668611651107266,0.0,1.0
1.0,704.0,4.0,19.668611651107266,19.668611651107266,0.0,0.0
1.0,705.0,8.0,76.10035848755733,76.10035848755733,0.0,0.0
1.0,706.0,6.0,19.893801782521813,9.89380178252181,1.0,0.0
1.0,707.0,6.0,19.893801782521813,9.89380178252181,1.0,0.0
1.0,708.0,15.0,64.01632951752842,54.01632951752841,1.0,0.0
1.0,709.0,52.0,31.592944267364327,31.592944267364327,0.0,0.0
1.0,710.0,50.0,25.307026487819066,15.307026487819064,1.0,0.0
1.0,711.0,12.0,17.784737510178395,7.7847375101783935,1.0,0.0
1.0,712.0,11.0,71.19998588173432,71.19998588173432,0.0,0.0
1.0,713.0,23.0,34.074821747362556,34.074821747362556,0.0,0.0
1.0,714.0,17.0,20.36648242941785,20.36648242941785,0.0,0.0
1.0,715.0,14.0,79.04359811310302,79.04359811310302,0.0,0.0
1.0,716.0,30.0,44.704010822770144,34.704010822770144,1.0,0.0
1.0,717.0,36.0,25.45003298558618,15.45003298558618,1.0,0.0
1.0,718.0,1.0,33.19839131823666,23.19839131823666,1.0,0.0
1.0,719.0,35.0,57.722267360970996,57.722267360970996,0.0,0.0
1.0,720.0,4.0,29.668611651107266,19.668611651107266,0.0,1.0
1.0,721.0,1.0,33.19839131823666,23.19839131823666,1.0,0.0
1.0,722.0,44.0,28.788855907576533,28.788855907576533,0.0,0.0
1.0,723.0,36.0,25.45003298558618,15.45003298558618,1.0,0.0
1.0,724.0,17.0,20.36648242941785,20.36648242941785,0.0,0.0
1.0,725.0,35.0,57.722267360970996,57.722267360970996,0.0,0.0
1.0,726.0,36.0,25.45003298558618,15.45003298558618,1.0,0.0
1.0,727.0,44.0,28.788855907576533,28.788855907576533,0.0,0.0
1.0,728.0,2.0,23.903315913309353,13.903315913309353,0.0,1.0
1.0,729.0,21.0,51.11034623551974,51.11034623551974,0.0,0.0
1.0,730.0,40.0,64.22539237752608,64.22539237752608,0.0,0.0
1.0,731.0,9.0,76.77745530775432,76.77745530775432,0.0,0.0
1.0,732.0,48.0,12.913355653032355,12.913355653032355,0.0,0.0
1.0,733.0,29.0,18.9032551455715,18.9032551455715,0.0,0.0
1.0,734.0,41.0,19.262379755693562,9.262379755693562,0.0,1.0
1.0,735.0,1.0,33.19839131823666,23.19839131823666,1.0,0.0
1.0,736.0,29.0,18.9032551455715,18.9032551455715,0.0,0.0
1.0,737.0,23.0,34.074821747362556,34.074821747362556,0.0,0.0
1.0,738.0,2.0,23.903315913309353,13.903315913309353,0.0,1.0
1.0,739.0,25.0,32.15506236418767,32.15506236418767,0.0,0.0
1.0,740.0,19.0,49.65323036481946,49.65323036481946,0.0,0.0
1.0,741.0,30.0,13.08002908101434,13.08002908101434,0.0,0.0
1.0,742.0,19.0,67.55513797456669,67.55513797456669,0.0,0.0
1.0,743.0,19.0,67.55513797456669,67.55513797456669,0.0,0.0
1.0,744.0,36.0,25.45003298558618,15.45003298558618,1.0,0.0
1.0,745.0,39.0,7.6668690873668615,7.6668690873668615,0.0,0.0
1.0,746.0,14.0,79.04359811310302,79.04359811310302,0.0,0.0
1.0,747.0,56.0,50.57148177095478,50.57148177095478,0.0,0.0
1.0,748.0,14.0,79.04359811310302,79.04359811310302,0.0,0.0
1.0,749.0,2.0,23.903315913309353,13.903315913309353,0.0,1.0
1.0,750.0,52.0,41.59294426736433,31.592944267364327,0.0,1.0
1.0,751.0,13.0,41.43678466558735,41.43678466558735,0.0,0.0
1.0,752.0,2.0,33.903315913309356,13.903315913309353,1.0,1.0
1.0,753.0,6.0,19.893801782521813,9.89380178252181,1.0,0.0
1.0,754.0,9.0,21.83231645282897,11.832316452828968,0.0,1.0
1.0,755.0,51.0,27.736005627747392,27.736005627747392,0.0,0.0
1.0,756.0,41.0,29.262379755693562,9.262379755693562,1.0,1.0
1.0,757.0,9.0,21.83231645282897,11.832316452828968,0.0,1.0
1.0,758.0,25.0,32.15506236418767,32.15506236418767,0.0,0.0
1.0,759.0,17.0,20.36648242941785,20.36648242941785,0.0,0.0
1.0,760.0,57.0,21.449100574135826,21.449100574135826,0.0,0.0
2.0,0.0,25.0,32.15506236418767,32.15506236418767,0.0,0.0
2.0,1.0,40.0,64.22539237752608,64.22539237752608,0.0,0.0
2.0,2.0,52.0,31.592944267364327,31.592944267364327,0.0,0.0
2.0,3.0,19.0,67.55513797456669,67.55513797456669,0.0,0.0
2.0,4.0,39.0,7.6668690873668615,7.6668690873668615,0.0,0.0
2.0,5.0,44.0,28.788855907576533,28.788855907576533,0.0,0.0
2.0,6.0,56.0,31.11883409001928,21.11883409001928,1.0,0.0
2.0,7.0,41.0,19.262379755693562,9.262379755693562,0.0,1.0
2.0,8.0,41.0,9.262379755693562,9.262379755693562,0.0,0.0
2.0,9.0,9.0,21.83231645282897,11.832316452828968,1.0,0.0
2.0,10.0,8.0,48.47788737089513,38.47788737089513,0.0,1.0
2.0,11.0,12.0,35.059149925815355,35.059149925815355,0.0,0.0
2.0,12.0,14.0,71.44742319736466,71.44742319736466,0.0,0.0
2.0,13.0,2.0,23.903315913309353,13.903315913309353,1.0,0.0
2.0,14.0,5.0,51.43678466558735,41.43678466558735,1.0,0.0
2.0,15.0,32.0,24.891558031625472,24.891558031625472,0.0,0.0
2.0,16.0,49.0,21.915688811553466,11.915688811553464,1.0,0.0
2.0,17.0,4.0,29.668611651107266,19.668611651107266,0.0,1.0
2.0,18.0,30.0,34.704010822770144,34.704010822770144,0.0,0.0
2.0,19.0,2.0,23.903315913309353,13.903315913309353,0.0,1.0
2.0,20.0,17.0,40.71960355432849,40.71960355432849,0.0,0.0
2.0,21.0,17.0,20.36648242941785,20.36648242941785,0.0,0.0
2.0,22.0,2.0,23.903315913309353,13.903315913309353,1.0,0.0
2.0,23.0,14.0,20.144774968964732,20.144774968964732,0.0,0.0
2.0,24.0,6.0,19.893801782521813,9.89380178252181,1.0,0.0
2.0,25.0,52.0,31.592944267364327,31.592944267364327,0.0,0.0
2.0,26.0,25.0,32.15506236418767,32.15506236418767,0.0,0.0
2.0,27.0,50.0,15.307026487819064,15.307026487819064,0.0,0.0
2.0,28.0,34.0,23.263568495070054,23.263568495070054,0.0,0.0
2.0,29.0,51.0,11.818576263586607,11.818576263586607,0.0,0.0
2.0,30.0,24.0,31.970514743327943,31.970514743327943,0.0,0.0
2.0,31.0,32.0,24.891558031625472,24.891558031625472,0.0,0.0
2.0,32.0,12.0,35.059149925815355,35.059149925815355,0.0,0.0
2.0,33.0,29.0,18.9032551455715,18.9032551455715,0.0,0.0
2.0,34.0,2.0,33.903315913309356,13.903315913309353,1.0,1.0
2.0,35.0,56.0,50.57148177095478,50.57148177095478,0.0,0.0
2.0,36.0,37.0,17.89163552010487,7.891635520104872,0.0,1.0
2.0,37.0,9.0,65.22553127922805,55.22553127922806,0.0,1.0
2.0,38.0,8.0,38.47788737089513,38.47788737089513,0.0,0.0
2.0,39.0,32.0,24.891558031625472,24.891558031625472,0.0,0.0
2.0,40.0,9.0,11.832316452828968,11.832316452828968,0.0,0.0
2.0,41.0,44.0,28.788855907576533,28.788855907576533,0.0,0.0
2.0,42.0,42.0,14.351161646984565,14.351161646984565,0.0,0.0
2.0,43.0,48.0,50.84642899459502,50.84642899459502,0.0,0.0
2.0,44.0,37.0,17.89163552010487,7.891635520104872,0.0,1.0
2.0,45.0,19.0,67.55513797456669,67.55513797456669,0.0,0.0
2.0,46.0,50.0,15.307026487819064,15.307026487819064,0.0,0.0
2.0,47.0,7.0,51.07305952200729,41.07305952200729,1.0,0.0
2.0,48.0,54.0,23.263568495070054,23.263568495070054,0.0,0.0
2.0,49.0,40.0,64.22539237752608,64.22539237752608,0.0,0.0
2.0,50.0,1.0,33.19839131823666,23.19839131823666,1.0,0.0
2.0,51.0,40.0,64.22539237752608,64.22539237752608,0.0,0.0
2.0,52.0,56.0,21.11883409001928,21.11883409001928,0.0,0.0
2.0,53.0,48.0,32.913355653032355,12.913355653032355,1.0,1.0
2.0,54.0,49.0,21.915688811553466,11.915688811553464,1.0,0.0
2.0,55.0,53.0,25.440393986865484,25.440393986865484,0.0,0.0
2.0,56.0,13.0,70.58442122165869,60.58442122165869,0.0,1.0
2.0,57.0,30.0,34.704010822770144,34.704010822770144,0.0,0.0
2.0,58.0,51.0,21.818576263586607,11.818576263586607,0.0,1.0
2.0,59.0,9.0,65.22553127922805,55.22553127922806,0.0,1.0
2.0,60.0,17.0,40.71960355432849,40.71960355432849,0.0,0.0
2.0,61.0,50.0,15.307026487819064,15.307026487819064,0.0,0.0
2.0,62.0,57.0,21.449100574135826,21.449100574135826,0.0,0.0
2.0,63.0,25.0,32.15506236418767,32.15506236418767,0.0,0.0
2.0,64.0,4.0,14.760680691183556,4.760680691183555,0.0,1.0
2.0,65.0,2.0,13.903315913309353,13.903315913309353,0.0,0.0
2.0,66.0,57.0,21.449100574135826,21.449100574135826,0.0,0.0
2.0,67.0,2.0,23.903315913309353,13.903315913309353,0.0,1.0
2.0,68.0,21.0,41.886060169312685,41.886060169312685,0.0,0.0
2.0,69.0,33.0,32.55683050677395,32.55683050677395,0.0,0.0
2.0,70.0,32.0,31.861586152477503,31.861586152477503,0.0,0.0
2.0,71.0,5.0,86.55281787797409,76.55281787797409,0.0,1.0
2.0,72.0,1.0,33.19839131823666,23.19839131823666,1.0,0.0
2.0,73.0,56.0,50.57148177095478,50.57148177095478,0.0,0.0
2.0,74.0,2.0,23.903315913309353,13.903315913309353,1.0,0.0
2.0,75.0,9.0,21.83231645282897,11.832316452828968,0.0,1.0
2.0,76.0,25.0,32.15506236418767,32.15506236418767,0.0,0.0
2.0,77.0,4.0,19.668611651107266,19.668611651107266,0.0,0.0
2.0,78.0,40.0,64.22539237752608,64.22539237752608,0.0,0.0
2.0,79.0,41.0,19.262379755693562,9.262379755693562,0.0,1.0
2.0,80.0,21.0,23.24013079183896,13.240130791838961,1.0,0.0
2.0,81.0,13.0,70.58442122165869,60.58442122165869,1.0,0.0
2.0,82.0,42.0,24.351161646984565,14.351161646984565,0.0,1.0
2.0,83.0,9.0,11.832316452828968,11.832316452828968,0.0,0.0
2.0,84.0,32.0,24.891558031625472,24.891558031625472,0.0,0.0
2.0,85.0,56.0,21.11883409001928,21.11883409001928,0.0,0.0
2.0,86.0,13.0,70.58442122165869,60.58442122165869,1.0,0.0
2.0,87.0,51.0,21.818576263586607,11.818576263586607,0.0,1.0
2.0,88.0,1.0,33.19839131823666,23.19839131823666,1.0,0.0
2.0,89.0,8.0,48.47788737089513,38.47788737089513,0.0,1.0
2.0,90.0,32.0,24.891558031625472,24.891558031625472,0.0,0.0
2.0,91.0,12.0,17.784737510178395,7.7847375101783935,1.0,0.0
2.0,92.0,52.0,31.592944267364327,31.592944267364327,0.0,0.0
2.0,93.0,52.0,31.592944267364327,31.592944267364327,0.0,0.0
2.0,94.0,38.0,11.832316452828968,11.832316452828968,0.0,0.0
2.0,95.0,37.0,17.89163552010487,7.891635520104872,0.0,1.0
2.0,96.0,25.0,42.15506236418767,32.15506236418767,0.0,1.0
2.0,97.0,50.0,25.307026487819066,15.307026487819064,1.0,0.0
2.0,98.0,42.0,14.351161646984565,14.351161646984565,0.0,0.0
2.0,99.0,39.0,7.6668690873668615,7.6668690873668615,0.0,0.0
2.0,100.0,55.0,66.52941744398477,66.52941744398477,0.0,0.0
2.0,101.0,37.0,17.89163552010487,7.891635520104872,0.0,1.0
2.0,102.0,23.0,34.074821747362556,34.074821747362556,0.0,0.0
2.0,103.0,5.0,51.275140097004325,51.275140097004325,0.0,0.0
2.0,104.0,40.0,64.22539237752608,64.22539237752608,0.0,0.0
2.0,105.0,17.0,40.71960355432849,40.71960355432849,0.0,0.0
2.0,106.0,12.0,17.784737510178395,7.7847375101783935,1.0,0.0
2.0,107.0,42.0,24.351161646984565,14.351161646984565,0.0,1.0
2.0,108.0,2.0,23.903315913309353,13.903315913309353,1.0,0.0
2.0,109.0,21.0,41.886060169312685,41.886060169312685,0.0,0.0
2.0,110.0,13.0,70.58442122165869,60.58442122165869,1.0,0.0
2.0,111.0,40.0,64.22539237752608,64.22539237752608,0.0,0.0
2.0,112.0,50.0,15.307026487819064,15.307026487819064,0.0,0.0
2.0,113.0,5.0,63.10170168539078,43.10170168539078,1.0,1.0
2.0,114.0,41.0,19.262379755693562,9.262379755693562,1.0,0.0
2.0,115.0,41.0,9.262379755693562,9.262379755693562,0.0,0.0
2.0,116.0,52.0,31.592944267364327,31.592944267364327,0.0,0.0
2.0,117.0,48.0,22.913355653032355,12.913355653032355,1.0,0.0
2.0,118.0,54.0,23.263568495070054,23.263568495070054,0.0,0.0
2.0,119.0,2.0,23.903315913309353,13.903315913309353,0.0,1.0
2.0,120.0,40.0,64.22539237752608,64.22539237752608,0.0,0.0
2.0,121.0,41.0,19.262379755693562,9.262379755693562,1.0,0.0
2.0,122.0,53.0,39.99243015436673,29.992430154366733,1.0,0.0
2.0,123.0,48.0,32.913355653032355,12.913355653032355,1.0,1.0
2.0,124.0,32.0,24.891558031625472,24.891558031625472,0.0,0.0
2.0,125.0,37.0,17.89163552010487,7.891635520104872,0.0,1.0
2.0,126.0,51.0,11.818576263586607,11.818576263586607,0.0,0.0
2.0,127.0,21.0,23.24013079183896,13.240130791838961,1.0,0.0
2.0,128.0,17.0,20.36648242941785,20.36648242941785,0.0,0.0
2.0,129.0,12.0,7.7847375101783935,7.7847375101783935,0.0,0.0
2.0,130.0,55.0,66.52941744398477,66.52941744398477,0.0,0.0
2.0,131.0,44.0,37.96144525153184,37.96144525153184,0.0,0.0
2.0,132.0,33.0,32.55683050677395,32.55683050677395,0.0,0.0
2.0,133.0,48.0,50.84642899459502,50.84642899459502,0.0,0.0
2.0,134.0,9.0,11.832316452828968,11.832316452828968,0.0,0.0
2.0,135.0,4.0,19.668611651107266,19.668611651107266,0.0,0.0
2.0,136.0,14.0,61.55596157638118,61.55596157638118,0.0,0.0
2.0,137.0,50.0,15.307026487819064,15.307026487819064,0.0,0.0
2.0,138.0,48.0,50.84642899459502,50.84642899459502,0.0,0.0
2.0,139.0,2.0,33.903315913309356,13.903315913309353,1.0,1.0
2.0,140.0,13.0,70.58442122165869,60.58442122165869,1.0,0.0
2.0,141.0,34.0,18.898945806509236,18.898945806509236,0.0,0.0
2.0,142.0,51.0,11.818576263586607,11.818576263586607,0.0,0.0
2.0,143.0,22.0,59.61355398628288,39.61355398628288,1.0,1.0
2.0,144.0,2.0,33.903315913309356,13.903315913309353,1.0,1.0
2.0,145.0,30.0,34.704010822770144,34.704010822770144,0.0,0.0
2.0,146.0,9.0,18.492266822738216,18.492266822738216,0.0,0.0
2.0,147.0,23.0,44.074821747362556,34.074821747362556,1.0,0.0
2.0,148.0,19.0,67.55513797456669,67.55513797456669,0.0,0.0
2.0,149.0,4.0,29.668611651107266,19.668611651107266,0.0,1.0
2.0,150.0,4.0,29.668611651107266,19.668611651107266,0.0,1.0
2.0,151.0,40.0,64.22539237752608,64.22539237752608,0.0,0.0
2.0,152.0,40.0,64.22539237752608,64.22539237752608,0.0,0.0
2.0,153.0,56.0,41.11883409001928,21.11883409001928,1.0,1.0
2.0,154.0,9.0,28.492266822738216,18.492266822738216,0.0,1.0
2.0,155.0,52.0,31.592944267364327,31.592944267364327,0.0,0.0
2.0,156.0,41.0,29.262379755693562,9.262379755693562,1.0,1.0
2.0,157.0,9.0,28.492266822738216,18.492266822738216,0.0,1.0
2.0,158.0,8.0,48.47788737089513,38.47788737089513,0.0,1.0
2.0,159.0,4.0,19.668611651107266,19.668611651107266,0.0,0.0
2.0,160.0,2.0,23.903315913309353,13.903315913309353,1.0,0.0
2.0,161.0,25.0,32.15506236418767,32.15506236418767,0.0,0.0
2.0,162.0,25.0,32.15506236418767,32.15506236418767,0.0,0.0
2.0,163.0,44.0,28.788855907576533,28.788855907576533,0.0,0.0
2.0,164.0,17.0,40.71960355432849,40.71960355432849,0.0,0.0
2.0,165.0,44.0,28.788855907576533,28.788855907576533,0.0,0.0
2.0,166.0,6.0,19.893801782521813,9.89380178252181,1.0,0.0
2.0,167.0,23.0,44.074821747362556,34.074821747362556,1.0,0.0
2.0,168.0,52.0,31.592944267364327,31.592944267364327,0.0,0.0
2.0,169.0,50.0,25.307026487819066,15.307026487819064,1.0,0.0
2.0,170.0,42.0,24.351161646984565,14.351161646984565,0.0,1.0
2.0,171.0,3.0,60.58442122165869,60.58442122165869,0.0,0.0
2.0,172.0,40.0,64.22539237752608,64.22539237752608,0.0,0.0
2.0,173.0,29.0,18.9032551455715,18.9032551455715,0.0,0.0
2.0,174.0,33.0,32.55683050677395,32.55683050677395,0.0,0.0
2.0,175.0,52.0,31.592944267364327,31.592944267364327,0.0,0.0
2.0,176.0,31.0,12.843161981605673,12.843161981605673,0.0,0.0
2.0,177.0,33.0,32.55683050677395,32.55683050677395,0.0,0.0
2.0,178.0,2.0,23.903315913309353,13.903315913309353,0.0,1.0
2.0,179.0,52.0,31.592944267364327,31.592944267364327,0.0,0.0
2.0,180.0,19.0,67.55513797456669,67.55513797456669,0.0,0.0
2.0,181.0,13.0,60.58442122165869,60.58442122165869,0.0,0.0
2.0,182.0,44.0,28.788855907576533,28.788855907576533,0.0,0.0
2.0,183.0,57.0,21.449100574135826,21.449100574135826,0.0,0.0
2.0,184.0,30.0,44.704010822770144,34.704010822770144,1.0,0.0
2.0,185.0,9.0,11.832316452828968,11.832316452828968,0.0,0.0
2.0,186.0,2.0,23.903315913309353,13.903315913309353,0.0,1.0
2.0,187.0,53.0,25.440393986865484,25.440393986865484,0.0,0.0
2.0,188.0,51.0,21.818576263586607,11.818576263586607,0.0,1.0
2.0,189.0,57.0,21.449100574135826,21.449100574135826,0.0,0.0
2.0,190.0,13.0,70.58442122165869,60.58442122165869,1.0,0.0
2.0,191.0,36.0,25.45003298558618,15.45003298558618,1.0,0.0
2.0,192.0,23.0,44.074821747362556,34.074821747362556,1.0,0.0
2.0,193.0,41.0,19.262379755693562,9.262379755693562,0.0,1.0
2.0,194.0,19.0,67.55513797456669,67.55513797456669,0.0,0.0
2.0,195.0,21.0,41.886060169312685,41.886060169312685,0.0,0.0
2.0,196.0,9.0,18.492266822738216,18.492266822738216,0.0,0.0
2.0,197.0,42.0,14.351161646984565,14.351161646984565,0.0,0.0
2.0,198.0,46.0,51.794983655614395,51.794983655614395,0.0,0.0
2.0,199.0,42.0,14.351161646984565,14.351161646984565,0.0,0.0
2.0,200.0,22.0,59.61355398628288,39.61355398628288,1.0,1.0
2.0,201.0,46.0,51.794983655614395,51.794983655614395,0.0,0.0
2.0,202.0,56.0,31.11883409001928,21.11883409001928,0.0,1.0
2.0,203.0,50.0,25.307026487819066,15.307026487819064,1.0,0.0
2.0,204.0,46.0,51.794983655614395,51.794983655614395,0.0,0.0
2.0,205.0,3.0,63.10170168539078,43.10170168539078,1.0,1.0
2.0,206.0,32.0,24.891558031625472,24.891558031625472,0.0,0.0
2.0,207.0,20.0,29.062528867047074,29.062528867047074,0.0,0.0
2.0,208.0,8.0,38.47788737089513,38.47788737089513,0.0,0.0
2.0,209.0,41.0,29.262379755693562,9.262379755693562,1.0,1.0
2.0,210.0,57.0,21.449100574135826,21.449100574135826,0.0,0.0
2.0,211.0,4.0,29.668611651107266,19.668611651107266,0.0,1.0
2.0,212.0,35.0,67.72226736097099,57.722267360970996,1.0,0.0
2.0,213.0,6.0,19.893801782521813,9.89380178252181,1.0,0.0
2.0,214.0,52.0,31.592944267364327,31.592944267364327,0.0,0.0
2.0,215.0,4.0,19.668611651107266,19.668611651107266,0.0,0.0
2.0,216.0,43.0,39.06252886704708,29.062528867047074,1.0,0.0
2.0,217.0,50.0,15.307026487819064,15.307026487819064,0.0,0.0
2.0,218.0,32.0,24.891558031625472,24.891558031625472,0.0,0.0
2.0,219.0,33.0,32.55683050677395,32.55683050677395,0.0,0.0
2.0,220.0,52.0,31.592944267364327,31.592944267364327,0.0,0.0
2.0,221.0,19.0,67.55513797456669,67.55513797456669,0.0,0.0
2.0,222.0,4.0,29.668611651107266,19.668611651107266,0.0,1.0
2.0,223.0,54.0,23.263568495070054,23.263568495070054,0.0,0.0
2.0,224.0,23.0,34.074821747362556,34.074821747362556,0.0,0.0
2.0,225.0,19.0,67.55513797456669,67.55513797456669,0.0,0.0
2.0,226.0,12.0,35.059149925815355,35.059149925815355,0.0,0.0
2.0,227.0,23.0,44.074821747362556,34.074821747362556,1.0,0.0
2.0,228.0,23.0,44.074821747362556,34.074821747362556,1.0,0.0
2.0,229.0,23.0,44.074821747362556,34.074821747362556,1.0,0.0
2.0,230.0,12.0,17.784737510178395,7.7847375101783935,0.0,1.0
2.0,231.0,50.0,25.307026487819066,15.307026487819064,1.0,0.0
2.0,232.0,15.0,16.934554525438816,6.9345545254388155,1.0,0.0
2.0,233.0,4.0,14.760680691183556,4.760680691183555,0.0,1.0
2.0,234.0,38.0,11.832316452828968,11.832316452828968,0.0,0.0
2.0,235.0,48.0,22.913355653032355,12.913355653032355,1.0,0.0
2.0,236.0,19.0,67.55513797456669,67.55513797456669,0.0,0.0
2.0,237.0,50.0,15.307026487819064,15.307026487819064,0.0,0.0
2.0,238.0,12.0,17.784737510178395,7.7847375101783935,0.0,1.0
2.0,239.0,25.0,32.15506236418767,32.15506236418767,0.0,0.0
2.0,240.0,40.0,64.22539237752608,64.22539237752608,0.0,0.0
2.0,241.0,53.0,39.99243015436673,29.992430154366733,1.0,0.0
2.0,242.0,21.0,41.886060169312685,41.886060169312685,0.0,0.0
2.0,243.0,2.0,33.903315913309356,13.903315913309353,1.0,1.0
2.0,244.0,25.0,32.15506236418767,32.15506236418767,0.0,0.0
2.0,245.0,29.0,18.9032551455715,18.9032551455715,0.0,0.0
2.0,246.0,57.0,21.449100574135826,21.449100574135826,0.0,0.0
2.0,247.0,3.0,60.58442122165869,60.58442122165869,0.0,0.0
2.0,248.0,30.0,67.20699557189404,67.20699557189404,0.0,0.0
2.0,249.0,4.0,29.668611651107266,19.668611651107266,0.0,1.0
2.0,250.0,35.0,67.72226736097099,57.722267360970996,1.0,0.0
2.0,251.0,44.0,37.96144525153184,37.96144525153184,0.0,0.0
2.0,252.0,23.0,44.074821747362556,34.074821747362556,1.0,0.0
2.0,253.0,10.0,69.81326629353579,69.81326629353579,0.0,0.0
2.0,254.0,8.0,38.47788737089513,38.47788737089513,0.0,0.0
2.0,255.0,51.0,21.818576263586607,11.818576263586607,0.0,1.0
2.0,256.0,6.0,19.893801782521813,9.89380178252181,1.0,0.0
2.0,257.0,41.0,19.262379755693562,9.262379755693562,1.0,0.0
2.0,258.0,23.0,34.074821747362556,34.074821747362556,0.0,0.0
2.0,259.0,36.0,25.45003298558618,15.45003298558618,1.0,0.0
2.0,260.0,8.0,48.47788737089513,38.47788737089513,0.0,1.0
2.0,261.0,12.0,35.059149925815355,35.059149925815355,0.0,0.0
2.0,262.0,28.0,46.28490047874678,46.28490047874678,0.0,0.0
2.0,263.0,30.0,34.704010822770144,34.704010822770144,0.0,0.0
2.0,264.0,50.0,25.307026487819066,15.307026487819064,1.0,0.0
2.0,265.0,35.0,67.72226736097099,57.722267360970996,1.0,0.0
2.0,266.0,51.0,14.83112538242187,14.83112538242187,0.0,0.0
2.0,267.0,10.0,69.81326629353579,69.81326629353579,0.0,0.0
2.0,268.0,13.0,60.58442122165869,60.58442122165869,0.0,0.0
2.0,269.0,13.0,60.58442122165869,60.58442122165869,0.0,0.0
2.0,270.0,50.0,15.307026487819064,15.307026487819064,0.0,0.0
2.0,271.0,56.0,31.11883409001928,21.11883409001928,1.0,0.0
2.0,272.0,57.0,21.449100574135826,21.449100574135826,0.0,0.0
2.0,273.0,53.0,35.44039398686549,25.440393986865484,0.0,1.0
2.0,274.0,51.0,14.83112538242187,14.83112538242187,0.0,0.0
2.0,275.0,33.0,32.55683050677395,32.55683050677395,0.0,0.0
2.0,276.0,52.0,31.592944267364327,31.592944267364327,0.0,0.0
2.0,277.0,13.0,60.58442122165869,60.58442122165869,0.0,0.0
2.0,278.0,15.0,16.934554525438816,6.9345545254388155,1.0,0.0
2.0,279.0,22.0,28.177749364191772,28.177749364191772,0.0,0.0
2.0,280.0,50.0,15.307026487819064,15.307026487819064,0.0,0.0
2.0,281.0,36.0,25.45003298558618,15.45003298558618,1.0,0.0
2.0,282.0,10.0,69.81326629353579,69.81326629353579,0.0,0.0
2.0,283.0,52.0,31.592944267364327,31.592944267364327,0.0,0.0
2.0,284.0,19.0,67.55513797456669,67.55513797456669,0.0,0.0
2.0,285.0,9.0,28.492266822738216,18.492266822738216,0.0,1.0
2.0,286.0,41.0,29.262379755693562,9.262379755693562,1.0,1.0
2.0,287.0,4.0,19.668611651107266,19.668611651107266,0.0,0.0
2.0,288.0,21.0,41.886060169312685,41.886060169312685,0.0,0.0
2.0,289.0,48.0,32.913355653032355,12.913355653032355,1.0,1.0
2.0,290.0,35.0,67.72226736097099,57.722267360970996,1.0,0.0
2.0,291.0,8.0,48.47788737089513,38.47788737089513,0.0,1.0
2.0,292.0,48.0,22.913355653032355,12.913355653032355,1.0,0.0
2.0,293.0,9.0,21.83231645282897,11.832316452828968,1.0,0.0
2.0,294.0,51.0,14.83112538242187,14.83112538242187,0.0,0.0
2.0,295.0,1.0,33.19839131823666,23.19839131823666,1.0,0.0
2.0,296.0,4.0,14.760680691183556,4.760680691183555,0.0,1.0
2.0,297.0,1.0,43.19839131823666,23.19839131823666,1.0,1.0
2.0,298.0,23.0,44.074821747362556,34.074821747362556,1.0,0.0
2.0,299.0,21.0,41.886060169312685,41.886060169312685,0.0,0.0
2.0,300.0,31.0,12.843161981605673,12.843161981605673,0.0,0.0
2.0,301.0,10.0,69.81326629353579,69.81326629353579,0.0,0.0
2.0,302.0,9.0,21.83231645282897,11.832316452828968,1.0,0.0
2.0,303.0,52.0,31.592944267364327,31.592944267364327,0.0,0.0
2.0,304.0,51.0,14.83112538242187,14.83112538242187,0.0,0.0
2.0,305.0,11.0,71.19998588173432,71.19998588173432,0.0,0.0
2.0,306.0,48.0,32.913355653032355,12.913355653032355,1.0,1.0
2.0,307.0,48.0,32.913355653032355,12.913355653032355,1.0,1.0
2.0,308.0,8.0,38.47788737089513,38.47788737089513,0.0,0.0
2.0,309.0,36.0,15.45003298558618,15.45003298558618,0.0,0.0
2.0,310.0,33.0,32.55683050677395,32.55683050677395,0.0,0.0
2.0,311.0,41.0,29.262379755693562,9.262379755693562,1.0,1.0
2.0,312.0,4.0,19.668611651107266,19.668611651107266,0.0,0.0
2.0,313.0,19.0,67.55513797456669,67.55513797456669,0.0,0.0
2.0,314.0,52.0,31.592944267364327,31.592944267364327,0.0,0.0
2.0,315.0,37.0,17.89163552010487,7.891635520104872,0.0,1.0
2.0,316.0,4.0,29.668611651107266,19.668611651107266,0.0,1.0
2.0,317.0,31.0,12.843161981605673,12.843161981605673,0.0,0.0
2.0,318.0,46.0,51.794983655614395,51.794983655614395,0.0,0.0
2.0,319.0,48.0,32.913355653032355,12.913355653032355,1.0,1.0
2.0,320.0,5.0,86.55281787797409,76.55281787797409,0.0,1.0
2.0,321.0,42.0,14.351161646984565,14.351161646984565,0.0,0.0
2.0,322.0,1.0,43.19839131823666,23.19839131823666,1.0,1.0
2.0,323.0,54.0,23.263568495070054,23.263568495070054,0.0,0.0
2.0,324.0,36.0,15.45003298558618,15.45003298558618,0.0,0.0
2.0,325.0,39.0,17.666869087366862,7.6668690873668615,1.0,0.0
2.0,326.0,5.0,38.20769784633116,38.20769784633116,0.0,0.0
2.0,327.0,40.0,64.22539237752608,64.22539237752608,0.0,0.0
2.0,328.0,21.0,23.24013079183896,13.240130791838961,1.0,0.0
2.0,329.0,51.0,21.818576263586607,11.818576263586607,0.0,1.0
2.0,330.0,4.0,19.668611651107266,19.668611651107266,0.0,0.0
2.0,331.0,32.0,24.891558031625472,24.891558031625472,0.0,0.0
2.0,332.0,48.0,32.913355653032355,12.913355653032355,1.0,1.0
2.0,333.0,9.0,18.492266822738216,18.492266822738216,0.0,0.0
2.0,334.0,54.0,23.263568495070054,23.263568495070054,0.0,0.0
2.0,335.0,57.0,21.449100574135826,21.449100574135826,0.0,0.0
2.0,336.0,36.0,25.45003298558618,15.45003298558618,1.0,0.0
2.0,337.0,50.0,15.307026487819064,15.307026487819064,0.0,0.0
2.0,338.0,9.0,28.492266822738216,18.492266822738216,0.0,1.0
2.0,339.0,27.0,33.41591067862943,33.41591067862943,0.0,0.0
2.0,340.0,8.0,76.10035848755733,76.10035848755733,0.0,0.0
2.0,341.0,57.0,21.449100574135826,21.449100574135826,0.0,0.0
2.0,342.0,57.0,21.449100574135826,21.449100574135826,0.0,0.0
2.0,343.0,17.0,20.36648242941785,20.36648242941785,0.0,0.0
2.0,344.0,57.0,21.449100574135826,21.449100574135826,0.0,0.0
2.0,345.0,31.0,12.843161981605673,12.843161981605673,0.0,0.0
2.0,346.0,50.0,15.307026487819064,15.307026487819064,0.0,0.0
2.0,347.0,25.0,32.15506236418767,32.15506236418767,0.0,0.0
2.0,348.0,3.0,63.10170168539078,43.10170168539078,1.0,1.0
2.0,349.0,9.0,21.83231645282897,11.832316452828968,1.0,0.0
2.0,350.0,18.0,66.59634781810338,56.59634781810338,0.0,1.0
2.0,351.0,33.0,32.55683050677395,32.55683050677395,0.0,0.0
2.0,352.0,1.0,23.19839131823666,23.19839131823666,0.0,0.0
2.0,353.0,4.0,19.668611651107266,19.668611651107266,0.0,0.0
2.0,354.0,36.0,15.45003298558618,15.45003298558618,0.0,0.0
2.0,355.0,4.0,4.760680691183555,4.760680691183555,0.0,0.0
2.0,356.0,48.0,50.84642899459502,50.84642899459502,0.0,0.0
2.0,357.0,57.0,21.449100574135826,21.449100574135826,0.0,0.0
2.0,358.0,41.0,19.262379755693562,9.262379755693562,1.0,0.0
2.0,359.0,13.0,70.58442122165869,60.58442122165869,0.0,1.0
2.0,360.0,25.0,32.15506236418767,32.15506236418767,0.0,0.0
2.0,361.0,57.0,21.449100574135826,21.449100574135826,0.0,0.0
2.0,362.0,8.0,38.47788737089513,38.47788737089513,0.0,0.0
2.0,363.0,48.0,50.84642899459502,50.84642899459502,0.0,0.0
2.0,364.0,1.0,33.19839131823666,23.19839131823666,1.0,0.0
2.0,365.0,57.0,21.449100574135826,21.449100574135826,0.0,0.0
2.0,366.0,29.0,18.9032551455715,18.9032551455715,0.0,0.0
2.0,367.0,32.0,24.891558031625472,24.891558031625472,0.0,0.0
2.0,368.0,13.0,60.58442122165869,60.58442122165869,0.0,0.0
2.0,369.0,36.0,25.45003298558618,15.45003298558618,1.0,0.0
2.0,370.0,8.0,76.10035848755733,76.10035848755733,0.0,0.0
2.0,371.0,11.0,71.19998588173432,71.19998588173432,0.0,0.0
2.0,372.0,36.0,25.45003298558618,15.45003298558618,1.0,0.0
2.0,373.0,9.0,28.492266822738216,18.492266822738216,0.0,1.0
2.0,374.0,6.0,19.893801782521813,9.89380178252181,1.0,0.0
2.0,375.0,33.0,32.55683050677395,32.55683050677395,0.0,0.0
2.0,376.0,18.0,66.59634781810338,56.59634781810338,0.0,1.0
2.0,377.0,53.0,35.44039398686549,25.440393986865484,0.0,1.0
2.0,378.0,36.0,15.45003298558618,15.45003298558618,0.0,0.0
2.0,379.0,36.0,15.45003298558618,15.45003298558618,0.0,0.0
2.0,380.0,18.0,66.59634781810338,56.59634781810338,0.0,1.0
2.0,381.0,56.0,21.11883409001928,21.11883409001928,0.0,0.0
2.0,382.0,25.0,32.15506236418767,32.15506236418767,0.0,0.0
2.0,383.0,31.0,12.843161981605673,12.843161981605673,0.0,0.0
2.0,384.0,18.0,66.59634781810338,56.59634781810338,0.0,1.0
2.0,385.0,33.0,32.55683050677395,32.55683050677395,0.0,0.0
2.0,386.0,50.0,15.307026487819064,15.307026487819064,0.0,0.0
2.0,387.0,8.0,38.47788737089513,38.47788737089513,0.0,0.0
2.0,388.0,57.0,21.449100574135826,21.449100574135826,0.0,0.0
2.0,389.0,7.0,51.07305952200729,41.07305952200729,1.0,0.0
2.0,390.0,2.0,23.903315913309353,13.903315913309353,0.0,1.0
2.0,391.0,22.0,28.177749364191772,28.177749364191772,0.0,0.0
2.0,392.0,41.0,29.262379755693562,9.262379755693562,1.0,1.0
2.0,393.0,1.0,33.19839131823666,23.19839131823666,1.0,0.0
2.0,394.0,56.0,21.11883409001928,21.11883409001928,0.0,0.0
2.0,395.0,25.0,32.15506236418767,32.15506236418767,0.0,0.0
2.0,396.0,49.0,21.915688811553466,11.915688811553464,1.0,0.0
2.0,397.0,56.0,50.57148177095478,50.57148177095478,0.0,0.0
2.0,398.0,32.0,24.891558031625472,24.891558031625472,0.0,0.0
2.0,399.0,2.0,33.903315913309356,13.903315913309353,1.0,1.0
2.0,400.0,4.0,14.760680691183556,4.760680691183555,0.0,1.0
2.0,401.0,17.0,20.36648242941785,20.36648242941785,0.0,0.0
2.0,402.0,1.0,33.19839131823666,23.19839131823666,1.0,0.0
2.0,403.0,13.0,60.58442122165869,60.58442122165869,0.0,0.0
2.0,404.0,38.0,11.832316452828968,11.832316452828968,0.0,0.0
2.0,405.0,33.0,32.55683050677395,32.55683050677395,0.0,0.0
2.0,406.0,40.0,64.22539237752608,64.22539237752608,0.0,0.0
2.0,407.0,4.0,19.668611651107266,19.668611651107266,0.0,0.0
2.0,408.0,57.0,21.449100574135826,21.449100574135826,0.0,0.0
2.0,409.0,56.0,31.11883409001928,21.11883409001928,1.0,0.0
2.0,410.0,36.0,25.45003298558618,15.45003298558618,1.0,0.0
2.0,411.0,17.0,20.36648242941785,20.36648242941785,0.0,0.0
2.0,412.0,6.0,19.893801782521813,9.89380178252181,1.0,0.0
2.0,413.0,9.0,18.492266822738216,18.492266822738216,0.0,0.0
2.0,414.0,7.0,51.07305952200729,41.07305952200729,1.0,0.0
2.0,415.0,33.0,32.55683050677395,32.55683050677395,0.0,0.0
2.0,416.0,38.0,11.832316452828968,11.832316452828968,0.0,0.0
2.0,417.0,56.0,31.11883409001928,21.11883409001928,0.0,1.0
2.0,418.0,4.0,19.668611651107266,19.668611651107266,0.0,0.0
2.0,419.0,29.0,18.9032551455715,18.9032551455715,0.0,0.0
2.0,420.0,48.0,32.913355653032355,12.913355653032355,1.0,1.0
2.0,421.0,26.0,12.551646241236984,12.551646241236984,0.0,0.0
2.0,422.0,57.0,21.449100574135826,21.449100574135826,0.0,0.0
2.0,423.0,32.0,24.891558031625472,24.891558031625472,0.0,0.0
2.0,424.0,17.0,30.36648242941785,20.36648242941785,0.0,1.0
2.0,425.0,36.0,25.45003298558618,15.45003298558618,1.0,0.0
2.0,426.0,15.0,16.934554525438816,6.9345545254388155,1.0,0.0
2.0,427.0,44.0,28.788855907576533,28.788855907576533,0.0,0.0
2.0,428.0,25.0,42.15506236418767,32.15506236418767,0.0,1.0
2.0,429.0,51.0,21.818576263586607,11.818576263586607,0.0,1.0
2.0,430.0,42.0,24.351161646984565,14.351161646984565,0.0,1.0
2.0,431.0,6.0,19.893801782521813,9.89380178252181,1.0,0.0
2.0,432.0,32.0,24.891558031625472,24.891558031625472,0.0,0.0
2.0,433.0,9.0,21.83231645282897,11.832316452828968,0.0,1.0
2.0,434.0,52.0,31.592944267364327,31.592944267364327,0.0,0.0
2.0,435.0,6.0,19.893801782521813,9.89380178252181,1.0,0.0
2.0,436.0,52.0,31.592944267364327,31.592944267364327,0.0,0.0
2.0,437.0,48.0,50.84642899459502,50.84642899459502,0.0,0.0
2.0,438.0,7.0,51.07305952200729,41.07305952200729,1.0,0.0
2.0,439.0,39.0,17.666869087366862,7.6668690873668615,1.0,0.0
2.0,440.0,19.0,67.55513797456669,67.55513797456669,0.0,0.0
2.0,441.0,42.0,24.351161646984565,14.351161646984565,0.0,1.0
2.0,442.0,1.0,43.19839131823666,23.19839131823666,1.0,1.0
2.0,443.0,33.0,32.55683050677395,32.55683050677395,0.0,0.0
2.0,444.0,1.0,33.19839131823666,23.19839131823666,1.0,0.0
2.0,445.0,57.0,21.449100574135826,21.449100574135826,0.0,0.0
2.0,446.0,25.0,32.15506236418767,32.15506236418767,0.0,0.0
2.0,447.0,42.0,24.351161646984565,14.351161646984565,0.0,1.0
2.0,448.0,51.0,21.818576263586607,11.818576263586607,0.0,1.0
2.0,449.0,48.0,32.913355653032355,12.913355653032355,1.0,1.0
2.0,450.0,13.0,60.58442122165869,60.58442122165869,0.0,0.0
2.0,451.0,57.0,21.449100574135826,21.449100574135826,0.0,0.0
2.0,452.0,36.0,15.45003298558618,15.45003298558618,0.0,0.0
2.0,453.0,56.0,31.11883409001928,21.11883409001928,1.0,0.0
2.0,454.0,4.0,14.760680691183556,4.760680691183555,0.0,1.0
2.0,455.0,1.0,23.19839131823666,23.19839131823666,0.0,0.0
2.0,456.0,33.0,32.55683050677395,32.55683050677395,0.0,0.0
2.0,457.0,56.0,50.57148177095478,50.57148177095478,0.0,0.0
2.0,458.0,21.0,23.24013079183896,13.240130791838961,0.0,1.0
2.0,459.0,50.0,15.307026487819064,15.307026487819064,0.0,0.0
2.0,460.0,2.0,23.903315913309353,13.903315913309353,1.0,0.0
2.0,461.0,57.0,21.449100574135826,21.449100574135826,0.0,0.0
2.0,462.0,13.0,60.58442122165869,60.58442122165869,0.0,0.0
2.0,463.0,44.0,28.788855907576533,28.788855907576533,0.0,0.0
2.0,464.0,40.0,64.22539237752608,64.22539237752608,0.0,0.0
2.0,465.0,7.0,51.07305952200729,41.07305952200729,1.0,0.0
2.0,466.0,45.0,17.28058673211447,17.28058673211447,0.0,0.0
2.0,467.0,19.0,17.85752638335582,17.85752638335582,0.0,0.0
2.0,468.0,2.0,23.903315913309353,13.903315913309353,1.0,0.0
2.0,469.0,32.0,24.891558031625472,24.891558031625472,0.0,0.0
2.0,470.0,32.0,24.891558031625472,24.891558031625472,0.0,0.0
2.0,471.0,48.0,50.84642899459502,50.84642899459502,0.0,0.0
2.0,472.0,56.0,50.57148177095478,50.57148177095478,0.0,0.0
2.0,473.0,33.0,32.55683050677395,32.55683050677395,0.0,0.0
2.0,474.0,51.0,11.818576263586607,11.818576263586607,0.0,0.0
2.0,475.0,9.0,21.83231645282897,11.832316452828968,0.0,1.0
2.0,476.0,17.0,30.36648242941785,20.36648242941785,0.0,1.0
2.0,477.0,8.0,38.47788737089513,38.47788737089513,0.0,0.0
2.0,478.0,34.0,23.263568495070054,23.263568495070054,0.0,0.0
2.0,479.0,14.0,61.55596157638118,61.55596157638118,0.0,0.0
2.0,480.0,51.0,21.818576263586607,11.818576263586607,0.0,1.0
2.0,481.0,2.0,33.903315913309356,13.903315913309353,1.0,1.0
2.0,482.0,31.0,12.843161981605673,12.843161981605673,0.0,0.0
2.0,483.0,41.0,19.262379755693562,9.262379755693562,1.0,0.0
2.0,484.0,6.0,19.893801782521813,9.89380178252181,1.0,0.0
2.0,485.0,21.0,41.886060169312685,41.886060169312685,0.0,0.0
2.0,486.0,17.0,20.36648242941785,20.36648242941785,0.0,0.0
2.0,487.0,37.0,17.89163552010487,7.891635520104872,0.0,1.0
2.0,488.0,21.0,23.24013079183896,13.240130791838961,0.0,1.0
2.0,489.0,53.0,35.44039398686549,25.440393986865484,0.0,1.0
2.0,490.0,17.0,20.36648242941785,20.36648242941785,0.0,0.0
2.0,491.0,21.0,23.24013079183896,13.240130791838961,1.0,0.0
2.0,492.0,1.0,33.19839131823666,23.19839131823666,1.0,0.0
2.0,493.0,1.0,33.19839131823666,23.19839131823666,1.0,0.0
2.0,494.0,51.0,11.818576263586607,11.818576263586607,0.0,0.0
2.0,495.0,52.0,31.592944267364327,31.592944267364327,0.0,0.0
2.0,496.0,13.0,70.58442122165869,60.58442122165869,1.0,0.0
2.0,497.0,41.0,19.262379755693562,9.262379755693562,1.0,0.0
2.0,498.0,25.0,42.15506236418767,32.15506236418767,0.0,1.0
2.0,499.0,25.0,32.15506236418767,32.15506236418767,0.0,0.0
2.0,500.0,13.0,60.58442122165869,60.58442122165869,0.0,0.0
2.0,501.0,21.0,41.886060169312685,41.886060169312685,0.0,0.0
2.0,502.0,14.0,20.144774968964732,20.144774968964732,0.0,0.0
2.0,503.0,9.0,21.83231645282897,11.832316452828968,0.0,1.0
2.0,504.0,57.0,21.449100574135826,21.449100574135826,0.0,0.0
2.0,505.0,56.0,50.57148177095478,50.57148177095478,0.0,0.0
2.0,506.0,23.0,44.074821747362556,34.074821747362556,1.0,0.0
2.0,507.0,21.0,41.886060169312685,41.886060169312685,0.0,0.0
2.0,508.0,33.0,32.55683050677395,32.55683050677395,0.0,0.0
2.0,509.0,1.0,23.19839131823666,23.19839131823666,0.0,0.0
2.0,510.0,2.0,33.903315913309356,13.903315913309353,1.0,1.0
2.0,511.0,9.0,21.83231645282897,11.832316452828968,0.0,1.0
2.0,512.0,14.0,61.55596157638118,61.55596157638118,0.0,0.0
2.0,513.0,1.0,33.19839131823666,23.19839131823666,1.0,0.0
2.0,514.0,12.0,17.784737510178395,7.7847375101783935,0.0,1.0
2.0,515.0,9.0,18.492266822738216,18.492266822738216,0.0,0.0
2.0,516.0,9.0,18.492266822738216,18.492266822738216,0.0,0.0
2.0,517.0,41.0,19.262379755693562,9.262379755693562,1.0,0.0
2.0,518.0,19.0,67.55513797456669,67.55513797456669,0.0,0.0
2.0,519.0,25.0,32.15506236418767,32.15506236418767,0.0,0.0
2.0,520.0,23.0,44.074821747362556,34.074821747362556,1.0,0.0
2.0,521.0,21.0,23.24013079183896,13.240130791838961,1.0,0.0
2.0,522.0,33.0,32.55683050677395,32.55683050677395,0.0,0.0
2.0,523.0,51.0,11.818576263586607,11.818576263586607,0.0,0.0
2.0,524.0,30.0,34.704010822770144,34.704010822770144,0.0,0.0
2.0,525.0,9.0,28.492266822738216,18.492266822738216,0.0,1.0
2.0,526.0,44.0,37.96144525153184,37.96144525153184,0.0,0.0
2.0,527.0,5.0,86.55281787797409,76.55281787797409,0.0,1.0
2.0,528.0,57.0,21.449100574135826,21.449100574135826,0.0,0.0
2.0,529.0,41.0,19.262379755693562,9.262379755693562,0.0,1.0
2.0,530.0,49.0,21.915688811553466,11.915688811553464,1.0,0.0
2.0,531.0,30.0,44.704010822770144,34.704010822770144,1.0,0.0
2.0,532.0,13.0,70.58442122165869,60.58442122165869,1.0,0.0
2.0,533.0,56.0,50.57148177095478,50.57148177095478,0.0,0.0
2.0,534.0,56.0,41.11883409001928,21.11883409001928,1.0,1.0
2.0,535.0,38.0,11.832316452828968,11.832316452828968,0.0,0.0
2.0,536.0,5.0,86.55281787797409,76.55281787797409,0.0,1.0
2.0,537.0,40.0,64.22539237752608,64.22539237752608,0.0,0.0
2.0,538.0,23.0,44.074821747362556,34.074821747362556,1.0,0.0
2.0,539.0,44.0,37.96144525153184,37.96144525153184,0.0,0.0
2.0,540.0,50.0,25.307026487819066,15.307026487819064,1.0,0.0
2.0,541.0,39.0,7.6668690873668615,7.6668690873668615,0.0,0.0
2.0,542.0,41.0,19.262379755693562,9.262379755693562,0.0,1.0
2.0,543.0,36.0,25.45003298558618,15.45003298558618,1.0,0.0
2.0,544.0,4.0,19.668611651107266,19.668611651107266,0.0,0.0
2.0,545.0,19.0,67.55513797456669,67.55513797456669,0.0,0.0
2.0,546.0,3.0,60.58442122165869,60.58442122165869,0.0,0.0
2.0,547.0,32.0,31.861586152477503,31.861586152477503,0.0,0.0
2.0,548.0,9.0,21.83231645282897,11.832316452828968,0.0,1.0
2.0,549.0,30.0,67.20699557189404,67.20699557189404,0.0,0.0
2.0,550.0,32.0,24.891558031625472,24.891558031625472,0.0,0.0
2.0,551.0,23.0,44.074821747362556,34.074821747362556,1.0,0.0
2.0,552.0,23.0,44.074821747362556,34.074821747362556,1.0,0.0
2.0,553.0,36.0,25.45003298558618,15.45003298558618,1.0,0.0
2.0,554.0,25.0,32.15506236418767,32.15506236418767,0.0,0.0
2.0,555.0,44.0,28.788855907576533,28.788855907576533,0.0,0.0
2.0,556.0,1.0,23.19839131823666,23.19839131823666,0.0,0.0
2.0,557.0,32.0,24.891558031625472,24.891558031625472,0.0,0.0
2.0,558.0,52.0,31.592944267364327,31.592944267364327,0.0,0.0
2.0,559.0,21.0,41.886060169312685,41.886060169312685,0.0,0.0
2.0,560.0,40.0,64.22539237752608,64.22539237752608,0.0,0.0
2.0,561.0,44.0,28.788855907576533,28.788855907576533,0.0,0.0
2.0,562.0,4.0,29.668611651107266,19.668611651107266,0.0,1.0
2.0,563.0,2.0,33.903315913309356,13.903315913309353,1.0,1.0
2.0,564.0,33.0,32.55683050677395,32.55683050677395,0.0,0.0
2.0,565.0,9.0,21.83231645282897,11.832316452828968,1.0,0.0
2.0,566.0,40.0,64.22539237752608,64.22539237752608,0.0,0.0
2.0,567.0,9.0,21.83231645282897,11.832316452828968,0.0,1.0
2.0,568.0,21.0,41.886060169312685,41.886060169312685,0.0,0.0
2.0,569.0,41.0,19.262379755693562,9.262379755693562,0.0,1.0
2.0,570.0,41.0,19.262379755693562,9.262379755693562,1.0,0.0
2.0,571.0,42.0,14.351161646984565,14.351161646984565,0.0,0.0
2.0,572.0,53.0,25.440393986865484,25.440393986865484,0.0,0.0
2.0,573.0,25.0,32.15506236418767,32.15506236418767,0.0,0.0
2.0,574.0,56.0,31.11883409001928,21.11883409001928,0.0,1.0
2.0,575.0,33.0,32.55683050677395,32.55683050677395,0.0,0.0
2.0,576.0,29.0,18.9032551455715,18.9032551455715,0.0,0.0
2.0,577.0,51.0,21.818576263586607,11.818576263586607,0.0,1.0
2.0,578.0,13.0,70.58442122165869,60.58442122165869,1.0,0.0
2.0,579.0,50.0,15.307026487819064,15.307026487819064,0.0,0.0
2.0,580.0,16.0,27.44102760578279,27.44102760578279,0.0,0.0
2.0,581.0,12.0,17.784737510178395,7.7847375101783935,0.0,1.0
2.0,582.0,19.0,67.55513797456669,67.55513797456669,0.0,0.0
2.0,583.0,2.0,23.903315913309353,13.903315913309353,1.0,0.0
2.0,584.0,56.0,50.57148177095478,50.57148177095478,0.0,0.0
2.0,585.0,51.0,11.818576263586607,11.818576263586607,0.0,0.0
2.0,586.0,53.0,35.44039398686549,25.440393986865484,0.0,1.0
2.0,587.0,30.0,34.704010822770144,34.704010822770144,0.0,0.0
2.0,588.0,56.0,31.11883409001928,21.11883409001928,1.0,0.0
2.0,589.0,56.0,31.11883409001928,21.11883409001928,0.0,1.0
2.0,590.0,41.0,19.262379755693562,9.262379755693562,0.0,1.0
2.0,591.0,19.0,67.55513797456669,67.55513797456669,0.0,0.0
2.0,592.0,17.0,20.36648242941785,20.36648242941785,0.0,0.0
2.0,593.0,4.0,29.668611651107266,19.668611651107266,0.0,1.0
2.0,594.0,39.0,17.666869087366862,7.6668690873668615,1.0,0.0
2.0,595.0,46.0,51.794983655614395,51.794983655614395,0.0,0.0
2.0,596.0,17.0,20.36648242941785,20.36648242941785,0.0,0.0
2.0,597.0,23.0,44.074821747362556,34.074821747362556,1.0,0.0
2.0,598.0,37.0,17.89163552010487,7.891635520104872,0.0,1.0
2.0,599.0,57.0,21.449100574135826,21.449100574135826,0.0,0.0
2.0,600.0,32.0,31.861586152477503,31.861586152477503,0.0,0.0
2.0,601.0,33.0,32.55683050677395,32.55683050677395,0.0,0.0
2.0,602.0,32.0,24.891558031625472,24.891558031625472,0.0,0.0
2.0,603.0,32.0,51.8615861524775,31.861586152477503,1.0,1.0
2.0,604.0,19.0,67.55513797456669,67.55513797456669,0.0,0.0
2.0,605.0,18.0,66.59634781810338,56.59634781810338,0.0,1.0
2.0,606.0,57.0,21.449100574135826,21.449100574135826,0.0,0.0
2.0,607.0,36.0,25.45003298558618,15.45003298558618,1.0,0.0
2.0,608.0,18.0,66.59634781810338,56.59634781810338,0.0,1.0
2.0,609.0,21.0,23.24013079183896,13.240130791838961,0.0,1.0
2.0,610.0,19.0,67.55513797456669,67.55513797456669,0.0,0.0
2.0,611.0,13.0,70.58442122165869,60.58442122165869,1.0,0.0
2.0,612.0,4.0,19.668611651107266,19.668611651107266,0.0,0.0
2.0,613.0,54.0,23.263568495070054,23.263568495070054,0.0,0.0
2.0,614.0,8.0,38.47788737089513,38.47788737089513,0.0,0.0
2.0,615.0,2.0,23.903315913309353,13.903315913309353,0.0,1.0
2.0,616.0,30.0,34.704010822770144,34.704010822770144,0.0,0.0
2.0,617.0,42.0,14.351161646984565,14.351161646984565,0.0,0.0
2.0,618.0,18.0,66.59634781810338,56.59634781810338,0.0,1.0
2.0,619.0,4.0,19.668611651107266,19.668611651107266,0.0,0.0
2.0,620.0,2.0,33.903315913309356,13.903315913309353,1.0,1.0
2.0,621.0,25.0,32.15506236418767,32.15506236418767,0.0,0.0
2.0,622.0,21.0,23.24013079183896,13.240130791838961,1.0,0.0
2.0,623.0,14.0,20.144774968964732,20.144774968964732,0.0,0.0
2.0,624.0,21.0,23.24013079183896,13.240130791838961,1.0,0.0
2.0,625.0,42.0,14.351161646984565,14.351161646984565,0.0,0.0
2.0,626.0,14.0,71.44742319736466,71.44742319736466,0.0,0.0
2.0,627.0,4.0,29.668611651107266,19.668611651107266,0.0,1.0
2.0,628.0,18.0,66.59634781810338,56.59634781810338,0.0,1.0
2.0,629.0,56.0,21.11883409001928,21.11883409001928,0.0,0.0
2.0,630.0,57.0,21.449100574135826,21.449100574135826,0.0,0.0
2.0,631.0,25.0,32.15506236418767,32.15506236418767,0.0,0.0
2.0,632.0,8.0,38.47788737089513,38.47788737089513,0.0,0.0
2.0,633.0,4.0,29.668611651107266,19.668611651107266,0.0,1.0
2.0,634.0,56.0,50.57148177095478,50.57148177095478,0.0,0.0
2.0,635.0,50.0,15.307026487819064,15.307026487819064,0.0,0.0
2.0,636.0,48.0,50.84642899459502,50.84642899459502,0.0,0.0
2.0,637.0,32.0,51.8615861524775,31.861586152477503,1.0,1.0
2.0,638.0,36.0,25.45003298558618,15.45003298558618,1.0,0.0
2.0,639.0,42.0,24.351161646984565,14.351161646984565,0.0,1.0
2.0,640.0,6.0,19.893801782521813,9.89380178252181,1.0,0.0
2.0,641.0,57.0,21.449100574135826,21.449100574135826,0.0,0.0
2.0,642.0,23.0,44.074821747362556,34.074821747362556,1.0,0.0
2.0,643.0,17.0,30.36648242941785,20.36648242941785,0.0,1.0
2.0,644.0,18.0,66.59634781810338,56.59634781810338,0.0,1.0
2.0,645.0,40.0,64.22539237752608,64.22539237752608,0.0,0.0
2.0,646.0,25.0,32.15506236418767,32.15506236418767,0.0,0.0
2.0,647.0,17.0,30.36648242941785,20.36648242941785,0.0,1.0
2.0,648.0,39.0,7.6668690873668615,7.6668690873668615,0.0,0.0
2.0,649.0,9.0,21.83231645282897,11.832316452828968,0.0,1.0
2.0,650.0,32.0,24.891558031625472,24.891558031625472,0.0,0.0
2.0,651.0,39.0,17.666869087366862,7.6668690873668615,1.0,0.0
2.0,652.0,53.0,25.440393986865484,25.440393986865484,0.0,0.0
2.0,653.0,23.0,44.074821747362556,34.074821747362556,1.0,0.0
2.0,654.0,19.0,67.55513797456669,67.55513797456669,0.0,0.0
2.0,655.0,52.0,31.592944267364327,31.592944267364327,0.0,0.0
2.0,656.0,18.0,66.59634781810338,56.59634781810338,0.0,1.0
2.0,657.0,4.0,19.668611651107266,19.668611651107266,0.0,0.0
2.0,658.0,23.0,44.074821747362556,34.074821747362556,1.0,0.0
2.0,659.0,25.0,32.15506236418767,32.15506236418767,0.0,0.0
2.0,660.0,55.0,66.52941744398477,66.52941744398477,0.0,0.0
2.0,661.0,39.0,17.666869087366862,7.6668690873668615,1.0,0.0
2.0,662.0,19.0,67.55513797456669,67.55513797456669,0.0,0.0
2.0,663.0,25.0,32.15506236418767,32.15506236418767,0.0,0.0
2.0,664.0,41.0,19.262379755693562,9.262379755693562,1.0,0.0
2.0,665.0,19.0,67.55513797456669,67.55513797456669,0.0,0.0
2.0,666.0,22.0,59.61355398628288,39.61355398628288,1.0,1.0
2.0,667.0,52.0,31.592944267364327,31.592944267364327,0.0,0.0
2.0,668.0,23.0,34.074821747362556,34.074821747362556,0.0,0.0
2.0,669.0,4.0,29.668611651107266,19.668611651107266,0.0,1.0
2.0,670.0,6.0,19.893801782521813,9.89380178252181,1.0,0.0
2.0,671.0,32.0,24.891558031625472,24.891558031625472,0.0,0.0
2.0,672.0,21.0,41.886060169312685,41.886060169312685,0.0,0.0
2.0,673.0,30.0,34.704010822770144,34.704010822770144,0.0,0.0
2.0,674.0,40.0,64.22539237752608,64.22539237752608,0.0,0.0
2.0,675.0,51.0,11.818576263586607,11.818576263586607,0.0,0.0
2.0,676.0,57.0,21.449100574135826,21.449100574135826,0.0,0.0
2.0,677.0,14.0,20.144774968964732,20.144774968964732,0.0,0.0
2.0,678.0,52.0,31.592944267364327,31.592944267364327,0.0,0.0
2.0,679.0,9.0,21.83231645282897,11.832316452828968,0.0,1.0
2.0,680.0,2.0,33.903315913309356,13.903315913309353,1.0,1.0
2.0,681.0,3.0,63.10170168539078,43.10170168539078,1.0,1.0
2.0,682.0,35.0,67.72226736097099,57.722267360970996,1.0,0.0
2.0,683.0,29.0,18.9032551455715,18.9032551455715,0.0,0.0
2.0,684.0,47.0,40.54131785125405,30.541317851254053,1.0,0.0
2.0,685.0,4.0,4.760680691183555,4.760680691183555,0.0,0.0
2.0,686.0,36.0,15.45003298558618,15.45003298558618,0.0,0.0
2.0,687.0,51.0,21.818576263586607,11.818576263586607,0.0,1.0
2.0,688.0,32.0,24.891558031625472,24.891558031625472,0.0,0.0
2.0,689.0,50.0,15.307026487819064,15.307026487819064,0.0,0.0
2.0,690.0,2.0,23.903315913309353,13.903315913309353,1.0,0.0
2.0,691.0,42.0,14.351161646984565,14.351161646984565,0.0,0.0
2.0,692.0,32.0,31.861586152477503,31.861586152477503,0.0,0.0
2.0,693.0,53.0,39.99243015436673,29.992430154366733,1.0,0.0
2.0,694.0,37.0,17.89163552010487,7.891635520104872,0.0,1.0
2.0,695.0,54.0,23.263568495070054,23.263568495070054,0.0,0.0
2.0,696.0,12.0,35.059149925815355,35.059149925815355,0.0,0.0
2.0,697.0,8.0,48.47788737089513,38.47788737089513,0.0,1.0
2.0,698.0,9.0,11.832316452828968,11.832316452828968,0.0,0.0
2.0,699.0,57.0,21.449100574135826,21.449100574135826,0.0,0.0
2.0,700.0,50.0,15.307026487819064,15.307026487819064,0.0,0.0
2.0,701.0,32.0,31.861586152477503,31.861586152477503,0.0,0.0
2.0,702.0,15.0,16.934554525438816,6.9345545254388155,1.0,0.0
2.0,703.0,33.0,32.55683050677395,32.55683050677395,0.0,0.0
2.0,704.0,21.0,41.886060169312685,41.886060169312685,0.0,0.0
2.0,705.0,23.0,44.074821747362556,34.074821747362556,1.0,0.0
2.0,706.0,49.0,21.915688811553466,11.915688811553464,1.0,0.0
2.0,707.0,6.0,19.893801782521813,9.89380178252181,1.0,0.0
2.0,708.0,56.0,41.11883409001928,21.11883409001928,1.0,1.0
2.0,709.0,32.0,31.861586152477503,31.861586152477503,0.0,0.0
2.0,710.0,18.0,66.59634781810338,56.59634781810338,0.0,1.0
2.0,711.0,15.0,16.934554525438816,6.9345545254388155,1.0,0.0
2.0,712.0,23.0,34.074821747362556,34.074821747362556,0.0,0.0
2.0,713.0,40.0,64.22539237752608,64.22539237752608,0.0,0.0
2.0,714.0,17.0,20.36648242941785,20.36648242941785,0.0,0.0
2.0,715.0,1.0,23.19839131823666,23.19839131823666,0.0,0.0
2.0,716.0,48.0,32.913355653032355,12.913355653032355,1.0,1.0
2.0,717.0,36.0,25.45003298558618,15.45003298558618,1.0,0.0
2.0,718.0,19.0,67.55513797456669,67.55513797456669,0.0,0.0
2.0,719.0,50.0,15.307026487819064,15.307026487819064,0.0,0.0
2.0,720.0,33.0,32.55683050677395,32.55683050677395,0.0,0.0
2.0,721.0,19.0,67.55513797456669,67.55513797456669,0.0,0.0
2.0,722.0,44.0,28.788855907576533,28.788855907576533,0.0,0.0
2.0,723.0,36.0,25.45003298558618,15.45003298558618,1.0,0.0
2.0,724.0,17.0,20.36648242941785,20.36648242941785,0.0,0.0
2.0,725.0,50.0,15.307026487819064,15.307026487819064,0.0,0.0
2.0,726.0,36.0,25.45003298558618,15.45003298558618,1.0,0.0
2.0,727.0,44.0,28.788855907576533,28.788855907576533,0.0,0.0
2.0,728.0,2.0,23.903315913309353,13.903315913309353,0.0,1.0
2.0,729.0,2.0,33.903315913309356,13.903315913309353,1.0,1.0
2.0,730.0,23.0,34.074821747362556,34.074821747362556,0.0,0.0
2.0,731.0,23.0,44.074821747362556,34.074821747362556,1.0,0.0
2.0,732.0,14.0,61.55596157638118,61.55596157638118,0.0,0.0
2.0,733.0,36.0,15.45003298558618,15.45003298558618,0.0,0.0
2.0,734.0,12.0,35.059149925815355,35.059149925815355,0.0,0.0
2.0,735.0,19.0,67.55513797456669,67.55513797456669,0.0,0.0
2.0,736.0,29.0,18.9032551455715,18.9032551455715,0.0,0.0
2.0,737.0,40.0,64.22539237752608,64.22539237752608,0.0,0.0
2.0,738.0,2.0,23.903315913309353,13.903315913309353,0.0,1.0
2.0,739.0,25.0,32.15506236418767,32.15506236418767,0.0,0.0
2.0,740.0,4.0,29.668611651107266,19.668611651107266,0.0,1.0
2.0,741.0,22.0,28.177749364191772,28.177749364191772,0.0,0.0
2.0,742.0,1.0,33.19839131823666,23.19839131823666,1.0,0.0
2.0,743.0,1.0,33.19839131823666,23.19839131823666,1.0,0.0
2.0,744.0,36.0,25.45003298558618,15.45003298558618,1.0,0.0
2.0,745.0,12.0,17.784737510178395,7.7847375101783935,0.0,1.0
2.0,746.0,1.0,23.19839131823666,23.19839131823666,0.0,0.0
2.0,747.0,56.0,50.57148177095478,50.57148177095478,0.0,0.0
2.0,748.0,1.0,23.19839131823666,23.19839131823666,0.0,0.0
2.0,749.0,2.0,23.903315913309353,13.903315913309353,0.0,1.0
2.0,750.0,50.0,15.307026487819064,15.307026487819064,0.0,0.0
2.0,751.0,51.0,11.818576263586607,11.818576263586607,0.0,0.0
2.0,752.0,2.0,33.903315913309356,13.903315913309353,1.0,1.0
2.0,753.0,49.0,21.915688811553466,11.915688811553464,1.0,0.0
2.0,754.0,9.0,21.83231645282897,11.832316452828968,0.0,1.0
2.0,755.0,32.0,24.891558031625472,24.891558031625472,0.0,0.0
2.0,756.0,41.0,29.262379755693562,9.262379755693562,1.0,1.0
2.0,757.0,9.0,21.83231645282897,11.832316452828968,0.0,1.0
2.0,758.0,25.0,32.15506236418767,32.15506236418767,0.0,0.0
2.0,759.0,17.0,20.36648242941785,20.36648242941785,0.0,0.0
2.0,760.0,57.0,21.449100574135826,21.449100574135826,0.0,0.0
